,datetime,year,month,수력,화력,원자력,내연력,집단에너지,대체에너지,기력,중유,무연탄,유연탄,LNG
0,1996-01-01,1996,1,363291,2119473,5914976,72696,445503.0,27078.0,8408979,1138275.0,449786.0,5478528.0,233891.0
1,1996-02-01,1996,2,356379,1875589,5497157,64679,445503.0,27078.0,7593086,1138275.0,449786.0,5478528.0,233891.0
2,1996-03-01,1996,3,362980,1923728,6195468,64834,445503.0,27078.0,8306941,1138275.0,449786.0,5478528.0,233891.0
3,1996-04-01,1996,4,367415,1747174,5637764,62517,445503.0,27078.0,8299351,1138275.0,449786.0,5478528.0,233891.0
4,1996-05-01,1996,5,440662,2092955,5800186,60807,445503.0,27078.0,8156027,1138275.0,449786.0,5478528.0,233891.0
5,1996-06-01,1996,6,576838,1900449,6515060,58841,445503.0,27078.0,7623686,1138275.0,449786.0,5478528.0,233891.0
6,1996-07-01,1996,7,687972,2261394,7265681,66550,445503.0,27078.0,8067004,1138275.0,449786.0,5478528.0,233891.0
7,1996-08-01,1996,8,608372,2423413,6635571,73492,445503.0,27078.0,9068224,1138275.0,449786.0,5478528.0,233891.0
8,1996-09-01,1996,9,378641,2213031,6331855,57056,445503.0,27078.0,7520586,1138275.0,449786.0,5478528.0,233891.0
9,1996-10-01,1996,10,343534,2970692,5816529,70313,445503.0,27078.0,8288360,1138275.0,449786.0,5478528.0,233891.0
10,1996-11-01,1996,11,324866,2720570,5916371,57790,445503.0,27078.0,8458068,1138275.0,449786.0,5478528.0,233891.0
11,1996-12-01,1996,12,390373,2694059,6397722,62271,445503.0,27078.0,8863206,1138275.0,449786.0,5478528.0,233891.0
12,1997-01-01,1997,1,379979,3086281,6084799,69361,445503.0,27078.0,8841019,1138275.0,449786.0,5478528.0,233891.0
13,1997-02-01,1997,2,304792,2809659,5019339,56702,445503.0,27078.0,8037794,1138275.0,449786.0,5478528.0,233891.0
14,1997-03-01,1997,3,289682,3445012,4779982,62804,445503.0,27078.0,9825381,1138275.0,449786.0,5478528.0,233891.0
15,1997-04-01,1997,4,319199,3218134,5721999,66599,445503.0,27078.0,8416221,1138275.0,449786.0,5478528.0,233891.0
16,1997-05-01,1997,5,443087,2778159,5870348,59108,445503.0,27078.0,8996029,1138275.0,449786.0,5478528.0,233891.0
17,1997-06-01,1997,6,641498,2691939,7062841,54649,445503.0,27078.0,8181289,1138275.0,449786.0,5478528.0,233891.0
18,1997-07-01,1997,7,807805,2868641,7796002,62068,445503.0,27078.0,8870128,1138275.0,449786.0,5478528.0,233891.0
19,1997-08-01,1997,8,616668,2901560,7828720,67988,445503.0,27078.0,9174802,1138275.0,449786.0,5478528.0,233891.0
20,1997-09-01,1997,9,404777,2283312,7129680,51786,445503.0,27078.0,8462285,1138275.0,449786.0,5478528.0,233891.0
21,1997-10-01,1997,10,329600,3074968,6054010,53632,445503.0,27078.0,9724725,1138275.0,449786.0,5478528.0,233891.0
22,1997-11-01,1997,11,355187,2780438,6173887,54457,445503.0,27078.0,9561146,1138275.0,449786.0,5478528.0,233891.0
23,1997-12-01,1997,12,511250,2486008,7564042,58870,445503.0,27078.0,8722472,1138275.0,449786.0,5478528.0,233891.0
24,1998-01-01,1998,1,386858,2100427,7409840,48913,445503.0,27078.0,7300480,1138275.0,449786.0,5478528.0,233891.0
25,1998-02-01,1998,2,376998,1796358,5724333,47022,445503.0,27078.0,8345810,1754064.0,292365.0,6127088.0,172293.0
26,1998-03-01,1998,3,459801,1755337,6788747,65115,445503.0,27078.0,8551680,1515938.0,412555.0,6551537.0,71650.0
27,1998-04-01,1998,4,585975,1368879,7431684,54126,445503.0,27078.0,7523118,951292.0,459883.0,6088770.0,23173.0
28,1998-05-01,1998,5,690735,1712760,6747681,58022,445503.0,27078.0,8195673,1026622.0,591326.0,6568393.0,9332.0
29,1998-06-01,1998,6,568012,2309313,7174442,47674,445503.0,27078.0,7357013,745888.0,534954.0,6030844.0,45327.0
30,1998-07-01,1998,7,706291,2963430,8044226,54986,445503.0,27078.0,6643359,481114.0,550869.0,5389683.0,221693.0
31,1998-08-01,1998,8,864623,2788128,8293659,54248,445503.0,27078.0,6306832,441600.0,593782.0,5105821.0,165629.0
32,1998-09-01,1998,9,405984,2643097,7461610,38233,445503.0,27078.0,7687864,643295.0,596874.0,6254278.0,193417.0
33,1998-10-01,1998,10,401642,2313323,8428625,34705,445503.0,27078.0,6012622,115415.0,537139.0,5261101.0,98967.0
34,1998-11-01,1998,11,303707,2419337,7884261,31568,445503.0,27078.0,7196426,354498.0,746772.0,5998801.0,96355.0
35,1998-12-01,1998,12,348407,2334658,8299864,40679,445503.0,27078.0,7920701,774627.0,743863.0,6297313.0,104898.0
36,1999-01-01,1999,1,309705,2768796,7710470,24576,445503.0,27078.0,7777823,400089.0,478689.0,6788155.0,110890.0
37,1999-02-01,1999,2,375125,1843083,7414906,22062,445503.0,27078.0,6869754,779077.0,445518.0,5547419.0,97740.0
38,1999-03-01,1999,3,449274,1886531,8048510,24560,445503.0,27078.0,8632955,1454902.0,482965.0,6600003.0,95085.0
39,1999-04-01,1999,4,548717,1822438,7554850,29240,445503.0,27078.0,8365721,1455233.0,547844.0,6296031.0,66613.0
40,1999-05-01,1999,5,522005,1541984,8651824,32491,445503.0,27078.0,7975599,1301901.0,653150.0,5949446.0,71102.0
41,1999-06-01,1999,6,517731,2227659,8271355,33603,445503.0,27078.0,8411930,1385949.0,537680.0,6368711.0,119590.0
42,1999-07-01,1999,7,358879,3473919,8501971,46804,445503.0,27078.0,8625631,916554.0,573731.0,6955897.0,179449.0
43,1999-08-01,1999,8,835151,3247051,9404774,48135,445503.0,27078.0,7487967,756670.0,592179.0,5908325.0,230793.0
44,1999-09-01,1999,9,715760,2637563,9147276,31095,445503.0,27078.0,7325797,682388.0,610092.0,5901091.0,132226.0
45,1999-10-01,1999,10,606373,2133219,9450322,25852,445503.0,27078.0,7981645,453030.0,490308.0,7033252.0,5055.0
46,1999-11-01,1999,11,373807,2486332,9402899,30766,445503.0,27078.0,7895862,627230.0,591746.0,6564342.0,112544.0
47,1999-12-01,1999,12,453708,2606471,9504622,32514,445503.0,27078.0,9121863,1310926.0,693564.0,6993628.0,123744.0
48,2000-01-01,2000,1,456883,2556319,9423588,27796,445503.0,27078.0,9145453,1164544.0,646341.0,7199463.0,135105.0
49,2000-02-01,2000,2,433118,2285290,8645514,25965,445503.0,27078.0,8509514,1196666.0,526690.0,6645991.0,140167.0
50,2000-03-01,2000,3,312328,2185092,8977888,22092,445503.0,27078.0,10083469,1701549.0,622451.0,7646994.0,112475.0
51,2000-04-01,2000,4,306324,1849277,8326167,23914,445503.0,27078.0,9538746,1567344.0,426126.0,7471458.0,73818.0
52,2000-05-01,2000,5,347830,1766402,8762406,23873,445503.0,27078.0,10210790,1456083.0,668265.0,8036502.0,49940.0
53,2000-06-01,2000,6,475660,2285782,8378099,34135,445503.0,27078.0,10572343,1895794.0,723631.0,7878701.0,74217.0
54,2000-07-01,2000,7,501912,2745011,9290240,25400,445503.0,27078.0,11259059,1819401.0,721841.0,8248140.0,469677.0
55,2000-08-01,2000,8,687119,2417551,9779878,29618,445503.0,27078.0,10778142,1611600.0,678258.0,8358288.0,129996.0
56,2000-09-01,2000,9,882843,1506948,9559563,28828,445503.0,27078.0,8729204,1083999.0,417561.0,7202333.0,25311.0
57,2000-10-01,2000,10,444801,1957026,8916850,8428,445503.0,27078.0,10550413,2127883.0,440558.0,7937531.0,44441.0
58,2000-11-01,2000,11,413039,2517249,8819714,12144,445503.0,27078.0,10325892,1814042.0,517769.0,7809187.0,184894.0
59,2000-12-01,2000,12,347965,2791193,10083833,31668,445503.0,27078.0,10244508,1449266.0,640262.0,7963130.0,191850.0
60,2001-01-01,2001,1,288603,2964555,10084810,23045,445503.0,27078.0,9928589,1660386.0,624873.0,7402179.0,241151.0
61,2001-02-01,2001,2,222383,2672094,9045856,26811,445503.0,27078.0,9896079,1715914.0,512639.0,7450588.0,216937.0
62,2001-03-01,2001,3,222036,2876642,9033657,27626,445503.0,27078.0,11312890,2009575.0,650901.0,8445614.0,206800.0
63,2001-04-01,2001,4,291904,1716358,9454708,26945,445503.0,27078.0,10260765,1619764.0,679007.0,7881155.0,80840.0
64,2001-05-01,2001,5,333186,2135181,9081391,31935,445503.0,27078.0,11079151,1826065.0,644490.0,8453948.0,154647.0
65,2001-06-01,2001,6,383719,2099770,8535448,26602,445503.0,27078.0,11739307,1889943.0,614166.0,9139251.0,95947.0
66,2001-07-01,2001,7,598077,2249817,9372035,28684,445503.0,27078.0,12399905,2160722.0,493531.0,9580967.0,164685.0
67,2001-08-01,2001,8,661750,2255590,10380449,24756,445503.0,27078.0,11308779,1477581.0,407412.0,9297965.0,125821.0
68,2001-09-01,2001,9,394661,2315988,9103272,23495,445503.0,27078.0,11308657,1631757.0,470317.0,9173777.0,32806.0
69,2001-10-01,2001,10,288198,2005271,8951309,24450,445503.0,27078.0,11392013,1672647.0,549316.0,9130384.0,39666.0
70,2001-11-01,2001,11,249204,2404867,9572550,28060,445503.0,27078.0,11876318,1613565.0,687390.0,9507052.0,68311.0
71,2001-12-01,2001,12,217031,3336838,9517548,32529,445503.0,27078.0,12934287,2344420.0,673343.0,9787205.0,129319.0
72,2002-01-01,2002,1,231441,3586285,9669287,24900,445503.0,27078.0,12701944,2251671.0,697531.0,9629279.0,123463.0
73,2002-02-01,2002,2,240330,2720099,9413754,26999,445503.0,27078.0,10184592,1641712.0,406781.0,8033401.0,102698.0
74,2002-03-01,2002,3,296612,3074371,10146230,31390,445503.0,27078.0,11663819,2176059.0,375344.0,9023603.0,88813.0
75,2002-04-01,2002,4,287493,2505519,8623203,30711,445503.0,27078.0,12257278,2339217.0,459691.0,9377748.0,80621.0
76,2002-05-01,2002,5,450219,2356587,10261944,26456,445503.0,27078.0,11408640,1873528.0,522051.0,8929984.0,83076.0
77,2002-06-01,2002,6,542901,2652705,10107469,30946,445503.0,27078.0,10577715,761584.0,524234.0,9211295.0,80602.0
78,2002-07-01,2002,7,584377,3475402,10474730,29409,445503.0,27078.0,11733940,821280.0,692006.0,10028337.0,192318.0
79,2002-08-01,2002,8,882270,3015429,11028099,29899,445503.0,27078.0,10605458,534398.0,704377.0,9189120.0,177563.0
80,2002-09-01,2002,9,840252,3191555,9182703,31236,445503.0,27078.0,10658269,975363.0,385064.0,9182572.0,115270.0
81,2002-10-01,2002,10,310626,4164951,9933942,31325,445503.0,27078.0,11024858,839704.0,623553.0,9551978.0,9623.0
82,2002-11-01,2002,11,280498,4332833,9298103,26696,445503.0,27078.0,12588407,1716623.0,609298.0,10127901.0,134584.0
83,2002-12-01,2002,12,364027,3261214,10963441,33055,445503.0,27078.0,13524564,1561925.0,674610.0,10705452.0,582576.0
84,2003-01-01,2003,1,333618,3411047,11746615,27163,445503.0,27078.0,13222237,1635999.0,674250.0,10371191.0,540796.0
85,2003-02-01,2003,2,306940,3125283,9382964,29173,445503.0,27078.0,12097968,1884082.0,443340.0,9163838.0,606707.0
86,2003-03-01,2003,3,319765,3841552,11486760,28333,445503.0,27078.0,11536474,1621405.0,679549.0,9137847.0,97673.0
87,2003-04-01,2003,4,378063,4171429,9862561,32903,445503.0,27078.0,10576434,1060790.0,684264.0,8780539.0,50840.0
88,2003-05-01,2003,5,759216,4138049,9028456,24319,445503.0,27078.0,11114352,1270229.0,633424.0,9168134.0,42565.0
89,2003-06-01,2003,6,657183,3446312,9445688,28707,445503.0,27078.0,11488280,902007.0,565928.0,9958053.0,62291.0
90,2003-07-01,2003,7,825733,2689911,12153239,31930,445503.0,27078.0,10799242,534761.0,435767.0,9826245.0,2469.0
91,2003-08-01,2003,8,966902,3019233,11911654,35499,445503.0,27078.0,10895192,430055.0,530197.0,9909064.0,25876.0
92,2003-09-01,2003,9,1158012,2581956,10404980,33490,445503.0,27078.0,10823983,1408636.0,483083.0,8932264.0,22591.5
93,2003-10-01,2003,10,525924,2302887,11797556,30409,445503.0,27078.0,12160380,2002861.0,552837.0,9585375.0,19307.0
94,2003-11-01,2003,11,335984,3059103,11126372,33214,445503.0,27078.0,12224802,1860951.0,647036.0,9651905.0,64910.0
95,2003-12-01,2003,12,319644,4587884,11324917,34985,445503.0,27078.0,13330132,2052087.0,630262.0,10487034.0,160749.0
96,2004-01-01,2004,1,321437,5414791,10376178,34941,445503.0,27078.0,12648481,1527798.0,585866.0,10423836.0,110982.0
97,2004-02-01,2004,2,222325,5831733,9485508,28747,429167.0,23191.0,11971217,1570657.0,524540.0,9722005.0,154015.0
98,2004-03-01,2004,3,231788,5648352,10190109,30562,438782.0,31507.0,12516914,1689452.0,497172.0,10231480.0,98810.0
99,2004-04-01,2004,4,233070,5076397,9630983,35966,350931.0,34968.0,11180184,1134434.0,525162.0,9478897.0,41692.0
100,2004-05-01,2004,5,362192,4483202,10406757,32794,312854.0,29555.0,11333706,1116144.0,590920.0,9618120.0,8522.0
101,2004-06-01,2004,6,605523,4490371,10784888,30821,253986.0,27881.0,11296560,1212910.0,535511.0,9516512.0,31627.0
102,2004-07-01,2004,7,1121467,4635450,11601747,35868,259754.0,30412.0,12010987,906011.0,461099.0,10580523.0,63354.0
103,2004-08-01,2004,8,1092964,3480981,12665536,38476,134902.0,28744.0,12375333,1035157.0,531404.0,10777705.0,31067.0
104,2004-09-01,2004,9,649250,3244124,11271203,35564,131838.0,28750.0,11443657,1141017.0,436097.0,9864296.0,2248.0
105,2004-10-01,2004,10,351984,4111752,10796200,35784,227417.0,29535.0,12514266,1325897.0,363921.0,10802475.0,21973.0
106,2004-11-01,2004,11,337114,4215158,11147264,32084,259782.0,27829.0,12659728,1882829.0,323624.0,10386373.0,66902.0
107,2004-12-01,2004,12,332319,4819629,12358441,35288,307623.0,30733.0,13413676,1541702.0,411755.0,11358094.0,102126.0
108,2005-01-01,2005,1,275960,6128371,11547307,32454,360014.0,33990.0,14089063,2441242.0,423419.0,11081189.0,143213.0
109,2005-02-01,2005,2,237231,3994546,11324946,29835,286440.0,35957.0,12389177,2147964.0,347564.0,9753146.0,140503.0
110,2005-03-01,2005,3,197909,5333724,12634971,34576,450377.0,42515.0,12754514,2523097.0,518160.0,9617045.0,96213.0
111,2005-04-01,2005,4,330058,2953709,12656599,29254,234346.0,35535.0,11938918,1616788.0,529065.0,9742225.0,50840.0
112,2005-05-01,2005,5,471409,2780110,13282286,38718,156643.0,34348.0,11871907,986548.0,506809.0,10373801.0,4748.0
113,2005-06-01,2005,6,445305,4508439,11691574,42175,117433.0,29285.0,12075776,738613.0,487961.0,10828575.0,20627.0
114,2005-07-01,2005,7,720921,5077825,11853747,58841,133201.0,28618.0,13354901,921807.0,527196.0,11881314.0,24584.0
115,2005-08-01,2005,8,832502,4339908,13254631,64413,97070.0,29248.0,12508185,298999.0,555289.0,11628161.0,25736.0
116,2005-09-01,2005,9,547569,4507073,11363521,58476,140832.0,30931.0,11850567,808948.0,466888.0,10559959.0,14771.0
117,2005-10-01,2005,10,494017,4313527,12684093,61990,194623.0,31421.0,11639948,394492.0,452043.0,10779196.0,14217.0
118,2005-11-01,2005,11,316208,5834949,11827321,61542,251681.0,29760.0,12333555,935916.0,467557.0,10868616.0,61466.0
119,2005-12-01,2005,12,319799,7684717,12658027,63065,335884.0,42491.0,14400686,1714693.0,507828.0,11988717.0,189448.0
120,2006-01-01,2006,1,206390,5169329,12999370,66094,333794.0,36458.0,15062281,2285236.0,526608.0,12103184.0,147253.0
121,2006-02-01,2006,2,178216,6275354,11542653,49117,290228.0,35630.0,12766622,1321060.0,394163.0,10908410.0,142989.0
122,2006-03-01,2006,3,191787,8010350,11124091,65596,314948.0,42291.0,13075849,1442560.0,556932.0,10948777.0,127580.0
123,2006-04-01,2006,4,244783,6657252,11247414,73382,255575.0,39204.0,11337712,859998.0,545183.0,9863231.0,69301.0
124,2006-05-01,2006,5,429949,5074779,12399539,64430,181383.0,32672.0,11298897,475120.0,446397.0,10354866.0,22514.0
125,2006-06-01,2006,6,579371,5004679,12513770,50856,144057.0,30363.0,11641685,626343.0,443976.0,10468720.0,102647.0
126,2006-07-01,2006,7,1068032,4236872,13348041,54897,111119.0,31966.0,12604905,382210.0,462394.0,11626990.0,133311.0
127,2006-08-01,2006,8,1074817,5230053,13558905,63618,72718.0,31230.0,14224144,879283.0,568079.0,12573366.0,203416.0
128,2006-09-01,2006,9,431282,4859485,12394753,34123,142843.0,36191.0,12333728,626528.0,413281.0,11267743.0,26176.0
129,2006-10-01,2006,10,347314,4168141,13010513,43252,151154.0,55296.0,12300116,619391.0,317941.0,11330226.0,32559.0
130,2006-11-01,2006,11,222276,5702618,12074860,53463,286802.0,71312.0,13641905,2186112.0,439417.0,10923378.0,92998.0
131,2006-12-01,2006,12,244406,6749431,12534979,58467,312111.0,68611.0,15623073,2602949.0,595019.0,12267694.0,157411.0
132,2007-01-01,2007,1,216641,6468328,12642488,59603,339913.0,72322.0,16476173,2509951.0,550300.0,13208521.0,207400.0
133,2007-02-01,2007,2,213268,5998543,11035769,51380,278048.0,56032.0,13398416,1910618.0,375630.0,10936210.0,175958.0
134,2007-03-01,2007,3,254733,6924245,12269561,56792,319292.0,76293.0,14625430,2175628.0,453216.0,11835805.0,160782.0
135,2007-04-01,2007,4,254476,5972083,11880319,46700,244137.0,74578.0,12855145,1133528.0,542639.0,11088419.0,90559.0
136,2007-05-01,2007,5,347825,5847084,11470475,57655,201099.0,77457.0,13502397,1516203.0,545270.0,11376259.0,64664.0
137,2007-06-01,2007,6,410835,6453261,10868108,47409,124170.0,61887.0,13790177,1124260.0,530552.0,11998255.0,137109.0
138,2007-07-01,2007,7,511111,6233718,11878842,32930,109348.0,35370.0,14869201,719172.0,455219.0,13585610.0,109199.0
139,2007-08-01,2007,8,984462,5816822,13148211,43986,124639.0,54971.0,15745448,944968.0,580485.0,13929965.0,290030.0
140,2007-09-01,2007,9,887829,5150213,11708775,39174,122534.0,60740.0,13305917,583725.0,427155.0,12209287.0,85751.0
141,2007-10-01,2007,10,399994,6666363,11411423,35864,300192.0,74490.0,13959694,923111.0,562356.0,12306975.0,167253.0
142,2007-11-01,2007,11,298557,7025453,12148367,51202,356688.0,86231.0,14682635,955416.0,478237.0,13047165.0,201817.0
143,2007-12-01,2007,12,262730,7849305,12474825,55662,565078.0,100454.0,16204442,1206157.0,560485.0,14100621.0,337179.0
144,2008-01-01,2008,1,306151,8752088,13362756,50751,614731.0,82896.0,16135808,1394058.0,568286.0,13753079.0,420385.0
145,2008-02-01,2008,2,313642,7172186,12816066,43228,582333.0,97429.0,14488149,1034452.0,403245.0,12823102.0,227350.0
146,2008-03-01,2008,3,324779,6922315,13733839,44317,592144.0,92079.0,14167708,636204.0,622733.0,12818213.0,90558.0
147,2008-04-01,2008,4,372141,6135854,12137281,39426,515723.0,89238.0,13505079,524489.0,587226.0,12369155.0,24209.0
148,2008-05-01,2008,5,439217,5976805,12127124,45848,280028.0,83998.0,14110231,385000.0,540084.0,13142769.0,42378.0
149,2008-06-01,2008,6,480613,4856487,11966569,18977,318038.0,56888.0,15149101,430324.0,580820.0,14099221.0,38736.0
150,2008-07-01,2008,7,633131,6061190,12345477,33801,344574.0,80161.0,17481712,1001307.0,653589.0,15604790.0,222026.0
151,2008-08-01,2008,8,1121832,4322361,13561182,32695,268517.0,77098.0,16819190,368460.0,532161.0,15826943.0,91627.0
152,2008-09-01,2008,9,657491,5363438,11612437,38832,316376.0,70095.0,15318174,511924.0,392461.0,14219935.0,193854.0
153,2008-10-01,2008,10,419730,5918698,12140059,45708,300192.0,184989.0,15163305,366641.0,552678.0,14236357.0,7630.0
154,2008-11-01,2008,11,264925,6526778,11938911,41255,356688.0,245151.0,14945530,506380.0,718444.0,13665546.0,55160.0
155,2008-12-01,2008,12,228998,6511151,13216231,67870,565078.0,213402.0,16371369,822323.0,777267.0,14667928.0,103850.0
156,2009-01-01,2009,1,305668,6021321,12897651,63124,617899.0,142521.0,17694375,1877233.0,705170.0,14968051.0,143921.0
157,2009-02-01,2009,2,242577,4940880,11343595,61315,600762.0,130936.0,16657834,1969190.0,719707.0,13887423.0,81513.0
158,2009-03-01,2009,3,280306,5251755,12384729,59787,605487.0,160186.0,17836161,1989141.0,782087.0,15014930.0,50002.0
159,2009-04-01,2009,4,315786,4315554,12004378,39462,450097.0,145766.0,16356422,1800356.0,681506.0,13863495.0,11065.0
160,2009-05-01,2009,5,484918,3086789,12927934,51329,344856.0,151947.0,16380948,992648.0,729618.0,14613767.0,44915.0
161,2009-06-01,2009,6,609269,4747452,12407682,56064,343793.0,115572.0,15922794,259123.0,516630.0,15126706.0,20334.0
162,2009-07-01,2009,7,1076073,4601183,13073661,53083,356689.0,123406.0,17535216,204199.0,587004.0,16684813.0,59200.0
163,2009-08-01,2009,8,966456,4681319,12807063,71837,264706.0,117104.0,18000587,397434.0,659944.0,16904719.0,38490.0
164,2009-09-01,2009,9,484928,5605214,11335703,54992,384608.0,121156.0,17318857,273826.0,607736.0,16341804.0,95491.0
165,2009-10-01,2009,10,297348,5033604,12180657,52452,405082.0,157318.0,16388338,171345.0,527180.0,15689812.0,64058.5
166,2009-11-01,2009,11,225579,7224629,11460708,58429,625924.0,183854.0,17603631,721120.0,703878.0,16146007.0,32626.0
167,2009-12-01,2009,12,352253,8976308,12947045,75079,827095.0,240842.0,18839911,1314484.0,757197.0,16584106.0,184125.0
168,2010-01-01,2010,1,400215,9088348,13251629,76514,857848.0,278344.0,19786031,1553224.0,717764.0,17228395.0,286648.0
169,2010-02-01,2010,2,376796,7697082,11431342,68940,687427.0,241676.0,16667519,1016525.0,629593.0,14814055.0,207345.0
170,2010-03-01,2010,3,448824,8974642,11340739,64219,789984.0,304248.0,18510659,1192456.0,658603.0,16360985.0,298615.0
171,2010-04-01,2010,4,489341,8095284,11444409,58249,694782.0,343070.0,15960563,873102.0,713885.0,14195439.0,178137.0
172,2010-05-01,2010,5,537686,6408096,12584152,62111,487168.0,349941.0,15539487,825884.0,604198.0,14019747.0,89657.0
173,2010-06-01,2010,6,530692,6698279,12444563,39732,429925.0,263331.0,16561702,841035.0,589861.0,14941002.0,189804.0
174,2010-07-01,2010,7,508693,6901209,13265663,51015,454848.0,290251.0,18961500,891409.0,779072.0,17050291.0,240728.0
175,2010-08-01,2010,8,781564,7290040,13303933,68028,471500.0,331966.0,19255473,925775.0,780250.0,17333667.0,215781.0
176,2010-09-01,2010,9,1035628,6349186,10979636,52554,468372.0,355257.0,17809051,680304.0,709533.0,16304966.0,114247.0
177,2010-10-01,2010,10,516504,6942090,12642764,53659,636677.0,449214.0,16690936,349829.0,785807.0,15554746.0,555.0
178,2010-11-01,2010,11,372219,8635218,12922610,58373,949952.0,544797.0,16673958,331753.0,721760.0,15448829.0,171616.0
179,2010-12-01,2010,12,473742,10932664,12984271,77303,1151751.0,725964.0,19032395,1393074.0,669547.0,16675365.0,294408.0
180,2011-01-01,2011,1,650927,12563666,12489488,83092,1326311.0,862331.0,20356791,1894751.0,724125.0,17352140.0,385776.0
181,2011-02-01,2011,2,483372,8375742,11880871,69917,1204167.0,697555.0,16455025,782549.0,664105.0,14842371.0,166000.0
182,2011-03-01,2011,3,424599,9880464,13089307,80747,1321057.0,642641.0,17615108,1131160.0,690888.0,15492299.0,300761.0
183,2011-04-01,2011,4,357922,8554186,12755770,66158,1048498.0,640418.0,15244342,487376.0,660112.0,13851742.0,245112.0
184,2011-05-01,2011,5,746259,7280752,13578061,70438,723994.0,662655.0,15234639,246263.0,552866.0,14399269.0,36241.0
185,2011-06-01,2011,6,787468,7814292,12260303,47389,827657.0,620207.0,16479702,751583.0,751314.0,14777294.0,199511.0
186,2011-07-01,2011,7,1293562,7103150,13982548,63800,816859.0,527338.0,18543012,425432.0,775527.0,17212289.0,129764.0
187,2011-08-01,2011,8,1245427,6842942,14445934,67084,784704.0,518022.0,18439432,444141.0,767991.0,17157139.0,70161.0
188,2011-09-01,2011,9,665051,7486470,12056994,59933,643850.0,533435.0,17349977,797576.0,665173.0,15701899.0,185328.0
189,2011-10-01,2011,10,396576,6722480,12793369,63815,1084351.0,576596.0,18132625,563498.0,731997.0,16695879.0,141252.0
190,2011-11-01,2011,11,360971,7934481,12503594,69701,1196108.0,596944.0,17758166,665818.0,725007.0,16293367.0,73973.0
191,2011-12-01,2011,12,418519,10920758,12886867,78459,1451511.0,714247.0,19595985,1266191.0,794878.0,17236176.0,298739.0
192,2012-01-01,2012,1,419538,10391801,13113887,80977,1408526.0,723807.0,19516810,1042334.0,776012.0,17437775.0,260688.0
193,2012-02-01,2012,2,378827,10903097,12091551,79623,1322289.0,691486.0,18396865,1133973.0,765266.0,16199591.0,298036.0
194,2012-03-01,2012,3,449462,10657802,12480623,71885,1317312.0,660603.0,17977931,1203111.0,755891.0,15749453.0,269477.0
195,2012-04-01,2012,4,687797,9615635,11387285,66308,1147976.0,827546.0,15392765,1238967.0,613779.0,13270103.0,269916.0
196,2012-05-01,2012,5,651429,8845473,12267735,61852,920701.0,702847.0,16042229,1260104.0,597535.0,13907863.0,276728.0
197,2012-06-01,2012,6,544169,8073197,12770021,35342,790334.0,674081.0,17105827,1203305.0,758644.0,14793304.0,350575.0
198,2012-07-01,2012,7,710236,8870556,12933458,61586,756829.0,733673.0,19229389,1372726.0,810544.0,16748114.0,298005.0
199,2012-08-01,2012,8,941327,7974361,13965899,71560,829265.0,704536.0,19667100,1213826.0,796668.0,17378759.0,277846.0
200,2012-09-01,2012,9,895349,6260734,13357927,47641,700818.0,628834.0,17106625,448276.0,658332.0,15953942.0,46075.0
201,2012-10-01,2012,10,680071,7026161,12674208,60012,924365.0,749794.0,17326196,866388.0,690804.0,15477091.0,291914.0
202,2012-11-01,2012,11,611442,10090672,10929040,39026,1304388.0,754737.0,18488405,1223786.0,759969.0,16181871.0,322779.0
203,2012-12-01,2012,12,682655,12172443,12355661,76257,1489932.0,765925.0,20085859,1346625.0,784319.0,17464090.0,490826.0
204,2013-01-01,2013,1,564772,11839774,13669624,81817,1479302.0,787986.0,20134978,1201705.0,787770.0,17583287.0,562217.0
205,2013-02-01,2013,2,594322,9412473,11300927,67493,1310221.0,721194.0,17827259,995489.0,666740.0,15662236.0,502794.0
206,2013-03-01,2013,3,585245,9986408,12077521,64745,1394261.0,738203.0,18467341,918080.0,750976.0,16673645.0,124640.0
207,2013-04-01,2013,4,688628,10333717,10810117,67153,1100720.0,796902.0,16845723,1370917.0,626140.0,14548501.0,300165.0
208,2013-05-01,2013,5,725281,10257922,10527606,70890,754323.0,793291.0,17142489,988547.0,535882.0,15372239.0,245821.0
209,2013-06-01,2013,6,784494,9838449,9797574,49362,1003139.0,722197.0,18508549,1258495.0,711349.0,16202877.0,335828.0
210,2013-07-01,2013,7,1054806,10304425,11286799,61948,1072589.0,833204.0,19956489,1465737.0,749827.0,17405860.0,335066.0
211,2013-08-01,2013,8,1003182,10444530,12209095,73225,1137064.0,757276.0,19776610,1482190.0,766828.0,17199301.0,328292.0
212,2013-09-01,2013,9,664110,7905788,11701313,52400,853737.0,836669.0,16957400,668826.0,644422.0,15581638.0,62514.0
213,2013-10-01,2013,10,650375,10160766,11752860,51843,1229800.0,1000512.0,16555084,1254564.0,561899.0,14547274.0,191347.0
214,2013-11-01,2013,11,553340,11228861,11726787,35759,1471757.0,1114817.0,16912636,1230725.0,580141.0,14812505.0,289265.0
215,2013-12-01,2013,12,525375,12686898,11923751,64299,1596257.0,1057408.0,19500698,1105260.0,672515.0,17474982.0,247940.0
216,2014-01-01,2014,1,533713,11061842,13550534,69020,1665172.0,1082981.0,19024712,788975.0,766776.0,17291402.0,177558.0
217,2014-02-01,2014,2,548998,9953994,12020264,62155,1734087.0,1108554.0,16817973,817646.0,708267.0,15177246.0,114814.0
218,2014-03-01,2014,3,644674,10610682,12706893,64857,1803002.0,1134127.0,17732592,1028655.0,709491.0,15889167.0,105279.0
219,2014-04-01,2014,4,569537,8607441,13378814,64124,1871917.0,1159700.0,15297074,548371.0,672355.0,14076349.0,58260.0
220,2014-05-01,2014,5,654939,7843602,13635737,61237,1940832.0,1185273.0,16249437,567521.0,631859.0,15038815.0,11241.0
221,2014-06-01,2014,6,664492,7753801,12615829,39346,2009747.0,1210846.0,17676267,593529.0,749453.0,16327505.0,5781.0
222,2014-07-01,2014,7,721890,9052746,13400450,50722,2078662.0,1236419.0,19870813,875509.0,769813.0,18163341.0,62150.0
223,2014-08-01,2014,8,830672,7274850,14003858,39509,2147577.0,1261992.0,19126390,249569.0,760461.0,18116361.0,48025.0
224,2014-09-01,2014,9,797912,8752371,12352438,47067,2216492.0,1287565.0,16152217,394284.0,617652.0,15140281.0,33900.0
225,2014-10-01,2014,10,690368,9110062,13015765,49746,2285407.0,1313138.0,16440325,199530.0,582605.0,15658190.0,19775.0
226,2014-11-01,2014,11,573970,9559193,12041536,51595,2354322.0,1338711.0,17254163,267114.0,767371.0,16214027.0,5650.0
227,2014-12-01,2014,12,588381,12130881,13684392,56432,2423237.0,1364284.0,19530009,507755.0,769956.0,18166648.0,85650.0
228,2015-01-01,2015,1,547297,10157844,14219729,51511,2492152.0,1389857.0,19981160,565283.0,747773.0,18595501.0,72603.0
229,2015-02-01,2015,2,491051,8389732,12085324,47119,2080104.0,1222329.0,17655058,611868.0,650190.0,16346181.0,46819.0
230,2015-03-01,2015,3,525057,9495291,13053018,72461,1911254.0,1462182.0,19147935,1490624.0,703659.0,16953652.0,23446.5
231,2015-04-01,2015,4,429649,8014525,13015704,56829,1575627.0,1383634.0,17006886,782872.0,597629.0,15626311.0,74.0
232,2015-05-01,2015,5,458427,7696793,12591490,65980,1467888.0,1470631.0,17006381,410329.0,644195.0,15950787.0,1070.0
233,2015-06-01,2015,6,359879,7809964,13516245,45227,1404024.0,1425380.0,16999332,250789.0,716365.0,16032178.0,1261.2
234,2015-07-01,2015,7,696354,7283141,15836561,45183,1207524.0,1476371.0,18729746,198876.0,631894.0,17898976.0,1452.4
235,2015-08-01,2015,8,664845,9134407,13282426,51643,1472607.0,1527339.0,19557872,389283.0,666210.0,18502378.0,1643.6
236,2015-09-01,2015,9,509992,7978850,12789518,46953,1470307.0,1524743.0,16636681,367100.0,560390.0,15709191.0,1834.8
237,2015-10-01,2015,10,410407,9221264,14364628,41453,1799171.0,1616812.0,15884413,549966.0,430775.0,14901645.0,2026.0
238,2015-11-01,2015,11,331042,8035510,14807909,57958,2276498.0,1331201.0,17490555,1605408.0,468437.0,15404103.0,12606.0
239,2015-12-01,2015,12,372039,7381063,15199864,60847,2861556.0,1487470.0,20282155,1599608.0,620752.0,17974521.0,87274.0
240,2016-01-01,2016,1,612663,9229374,15442312,53924,3119038.0,1462688.0,20168366,1654327.0,726618.0,17692212.0,95209.0
241,2016-02-01,2016,2,393488,7560544,14164523,50332,2872724.0,1493391.0,17809933,1479587.0,665367.0,15583167.0,81812.0
242,2016-03-01,2016,3,394633,7824229,14602370,61103,2921100.0,1566148.0,18384430,1671052.0,754717.0,15917455.0,41206.0
243,2016-04-01,2016,4,465714,5105549,15332232,39436,2552247.0,1613978.0,16034482,1219227.0,608532.0,14206723.0,33031.5
244,2016-05-01,2016,5,634039,5902192,13999369,36210,2499107.0,1646381.0,17317173,916228.0,707050.0,15693895.0,24857.0
245,2016-06-01,2016,6,517207,7355034,12972156,43310,2365536.0,1402371.0,17889400,770046.0,642000.0,16477354.0,16682.5
246,2016-07-01,2016,7,904787,8815882,13564652,59852,2270906.0,1565023.0,19899986,1154595.0,731206.0,18005676.0,8508.0
247,2016-08-01,2016,8,694304,9169252,14651202,53494,2444988.0,1793549.0,20308239,785983.0,735473.0,18749879.0,36904.0
248,2016-09-01,2016,9,625519,7688983,12681959,41747,2409399.0,1487903.0,16898144,470893.0,502777.0,15924473.0,30594.333333333332
249,2016-10-01,2016,10,471775,8876180,11657348,47309,2647376.0,1586830.0,17361383,892470.0,453949.0,16014964.0,24284.666666666664
250,2016-11-01,2016,11,438710,10399630,10311719,48499,3109183.0,1620515.0,18519917,752568.0,576788.0,17172586.0,17975.0
251,2016-12-01,2016,12,480746,8995421,12615263,37980,3325540.0,1696883.0,22032025,1287795.0,656203.0,20001099.0,86927.0
252,2017-01-01,2017,1,537783,8858031,13104438,33212,3333007.0,1890748.0,21744269,939839.0,636666.0,20073852.0,93912.0
253,2017-02-01,2017,2,508101,8197338,12373488,28592,3178849.0,1767135.0,19398883,867864.0,590463.0,17856992.0,83564.0
254,2017-03-01,2017,3,501101,8528033,13174746,44773,3176568.0,1998202.0,19588674,173914.0,465244.0,18906809.0,42707.0
255,2017-04-01,2017,4,511134,6366272,13301538,49775,2563307.0,2047508.0,17170248,191346.0,462381.0,16516521.0,45970.35294117647
256,2017-05-01,2017,5,606427,6404771,13670032,61880,2126254.0,2118033.0,17827229,144951.0,405831.0,17276448.0,49233.705882352944
257,2017-06-01,2017,6,564025,8344309,12493858,30616,2663255.0,1967847.0,17360956,294694.0,256351.0,16809912.0,52497.05882352941
258,2017-07-01,2017,7,639024,10066993,12223246,51168,2887708.0,1867669.0,21907535,556319.0,274802.0,21076414.0,55760.41176470588
259,2017-08-01,2017,8,968270,8565189,11914437,57291,2812000.0,2166269.0,22461810,333320.0,369087.0,21759403.0,59023.76470588235
260,2017-09-01,2017,9,673611,6460298,12332852,24900,2324408.0,2150780.0,20216018,237250.0,215171.0,19763596.0,62287.117647058825
261,2017-10-01,2017,10,566843,6170071,12108787,44343,2712593.0,1949959.0,18814964,159972.0,280495.0,18374496.0,65550.4705882353
262,2017-11-01,2017,11,451346,9743249,11291469,39737,3794708.0,2066665.0,18633475,320982.0,221807.0,18090686.0,68813.82352941176
263,2017-12-01,2017,12,467508,11914436,10437833,47059,4621808.0,2154548.0,22207479,1004318.0,248312.0,20954849.0,72077.17647058824
264,2018-01-01,2018,1,483828,12108475,9825819,50504,4720864.0,2217656.0,23884063,1242528.0,138529.0,22503006.0,75340.5294117647
265,2018-02-01,2018,2,439931,9923192,8791258,46824,4008991.0,2010480.0,21162663,728850.0,124209.0,20309604.0,78603.88235294117
266,2018-03-01,2018,3,463175,11236716,9243306,39894,3852420.0,2286051.0,20065042,778897.0,91053.0,19195092.0,81867.23529411765
267,2018-04-01,2018,4,498525,10297755,9422492,42687,3795545.0,2387953.0,16666255,179362.0,125856.0,16361037.0,85130.58823529413
268,2018-05-01,2018,5,791285,9351017,11368423,53744,3589020.0,2130789.0,16966968,273735.0,136674.0,16556560.0,88393.94117647059
269,2018-06-01,2018,6,732141,9610426,11303421,55790,3442412.0,2123395.0,17165670,247069.0,203983.0,16714619.0,91657.29411764706
270,2018-07-01,2018,7,808818,9994119,13052206,55121,3683450.0,2264756.0,22123161,577566.0,391382.0,21154213.0,94920.64705882352
271,2018-08-01,2018,8,700210,10140520,12752550,45651,3656184.0,2409005.0,23501581,635700.0,411523.0,22454358.0,98184.0
272,2018-09-01,2018,9,712912,7057598,11074114,38791,2661668.0,2365382.0,19566264,180028.0,341558.0,19044678.0,101447.35294117648
273,2018-10-01,2018,10,508977,8861166,12082871,28678,3632619.0,2396478.0,17356289,431253.0,281785.0,16643251.0,104710.70588235295
274,2018-11-01,2018,11,531201,8307334,12158328,34680,4635579.0,2263633.0,18008393,189515.0,236031.0,17582847.0,107974.05882352941
275,2018-12-01,2018,12,599450,9947287,12430474,36089,5354169.0,2321094.0,21031937,380745.0,194458.0,20456734.0,111237.41176470589
276,2019-01-01,2019,1,544397,10371629,12256406,44046,5208249.0,2534888.0,21809102,320443.0,274232.0,21214427.0,114500.76470588235
277,2019-02-01,2019,2,471035,8601014,11033718,41055,4349394.0,2309810.0,18017636,111795.0,241826.0,17664015.0,117764.11764705883
278,2019-03-01,2019,3,450895,8624120,14033501,42094,4683527.0,2830206.0,16449458,584556.0,233613.0,15631289.0,121027.4705882353
279,2019-04-01,2019,4,529753,9146314,14149570,47491,3468990.0,2641080.0,13887712,302828.0,195426.0,13692286.0,124290.82352941176
280,2019-05-01,2019,5,539847,8464773,14771049,32679,3022951.0,3080461.0,14372617,21100.0,174555.0,14176961.0,127554.17647058824
281,2019-06-01,2019,6,480573,7425385,13582797,43840,2709566.0,2661349.0,16827183,2469.0,226332.0,16598382.0,130817.52941176471
282,2019-07-01,2019,7,567096,9806471,11677950,51928,3314800.0,2724744.0,21554466,54053.0,274668.0,21225746.0,134080.88235294117
283,2019-08-01,2019,8,600751,10117258,12196916,54145,3484182.0,3054797.0,22083648,102997.0,270457.0,21710194.0,137344.23529411765
284,2019-09-01,2019,9,565558,7889988,10320798,38959,3067914.0,2418745.0,20024268,20805.0,183396.0,19820067.0,140607.58823529413
285,2019-10-01,2019,10,546239,7856549,10599853,86178,3590316.0,2223097.0,19128814,119892.0,136103.0,18872820.0,143870.9411764706
286,2019-11-01,2019,11,451366,9723628,10227944,61513,3954941.0,1953644.0,18166831,22348.0,171733.0,17972750.0,147134.29411764705
287,2019-12-01,2019,12,499554,12261679,11059168,34984,5203266.0,2093435.0,18596693,482019.0,209885.0,17904789.0,150397.64705882355
288,2020-01-01,2020,1,538526,11711215,11898121,25877,5222994.0,1977227.0,17817915,23371.0,229679.0,17411203.0,153661.0
289,2020-02-01,2020,2,528194,10292552,12690402,23374,4486971.0,2271928.0,15531694,10102.0,214361.0,15263871.0,43360.0
290,2020-03-01,2020,3,533795,10163447,14463259,25248,4431206.0,2910051.0,12982284,35125.0,103669.0,12843489.0,32964.666666666664
291,2020-04-01,2020,4,511077,6812115,13688789,29962,3428726.0,3071885.0,14102437,64966.0,129360.0,13908111.0,22569.333333333332
292,2020-05-01,2020,5,562305,5729510,15257951,25961,2861903.0,2610678.0,13901687,4681.0,203416.0,13681416.0,12174.0
293,2020-06-01,2020,6,512666,7494786,14069176,36005,2740991.0,2405765.0,15782619,43459.0,266268.0,15500385.0,15966.0
294,2020-07-01,2020,7,612324,8179533,13720945,27539,3167564.0,2156031.0,18113457,82237.0,274849.0,17827131.0,11477.0
295,2020-08-01,2020,8,1074388,10603489,12526259,39266,3479530.0,2697249.0,19959998,121015.0,155300.0,19568516.0,115167.0
296,2020-09-01,2020,9,880238,9780155,9292564,40082,3049505.0,2718018.0,18228194,515236.0,17746.0,17653756.0,41455.0
297,2020-10-01,2020,10,473979,9393692,13468311,36319,3030188.0,2896983.0,13625540,109619.0,10420.0,13494382.0,11118.0
298,2020-11-01,2020,11,424738,9343792,14048115,43054,4412968.0,2612808.0,13868808,245122.0,258801.0,13364885.0,96683.0
299,2020-12-01,2020,12,496020,12254957,15059831,51986,5254718.0,2727885.0,15511381,374707.0,230340.0,14724087.0,182248.0
