DATE,TCL_AT,TCL_LT,TCL_HT,TEMP_EF_CAP,TEMP_EF_DONGNAM,TEMP_EF_DAEGYUNG,TEMP_EF_CHOONG,TEMP_EF_HONAM,TEMP_EF_MEAN,POWER_WATER,POWER_FIRE,POWER_NUCLEAR,POWER_NAEYEON,POWER_GROUP,POWER_TRANS,POWER_GAS,POWER_JUNG,POWER_MOO,POWER_YOU,POWER_LNG,ELEC_ALL,ELEC_FAMILY,ELEC_PUBLIC,ELEC_SERVICE,ELEC_CIVIL_SUM,ELEC_ARGRI_FISHING,ELEC_MINING,ELEC_MANUFACT,ELEC_INDSUM
1996-01-01,0.0047635294117647,-0.189310588235294,0.240528235294118,0.84711,5.91778,6.73765,3.33479,1.88651,3.744768,363291,2119473,5914976,72696,445503,27078,8408979,1138275,449786,5478528,233891.0,16224867,2814138,557379,3616542,6988059,301811,80421,8854576,9236808
1996-02-01,0.0077076470588235,-0.226982352941176,0.372690588235294,0.8143,5.90875,6.73291,3.32638,1.87883,3.732234,356379,1875589,5497157,64679,445503,27078,7593086,1138275,449786,5478528,233891.0,15363840,2788312,558610,3551611,6898533,327617,70471,8067220,8465308
1996-03-01,0.137972352941176,-0.0456311764705882,0.367738823529412,0.60731,5.81529,6.67634,3.22,1.7874,3.621268,362980,1923728,6195468,64834,445503,27078,8306941,1138275,449786,5478528,233891.0,16094268,2555048,528672,3333225,6416945,345359,81877,9250086,9677322
1996-04-01,0.26191,0.0294564705882352,0.582131764705882,0.24132,5.71003,6.61264,3.07795,1.66054,3.460496,367415,1747174,5637764,62517,445503,27078,8299351,1138275,449786,5478528,233891.0,16266027,2629204,555354,3430624,6615182,292235,84596,9274014,9650845
1996-05-01,0.428758823529412,0.242891764705882,0.688457647058824,-0.38328,5.67433,6.58956,3.02586,1.62083,3.30546,440662,2092955,5800186,60807,445503,27078,8156027,1138275,449786,5478528,233891.0,16028072,2525076,511468,3333483,6370027,302913,80963,9274169,9658045
1996-06-01,0.520022352941177,0.389187058823529,0.717235294117647,-0.70081,5.63238,6.54333,2.9654,1.58217,3.204494,576838,1900449,6515060,58841,445503,27078,7623686,1138275,449786,5478528,233891.0,16465534,2545295,536842,3514613,6596750,450147,84923,9333713,9868783
1996-07-01,0.596192941176471,0.423853529411765,0.810264117647059,-0.81068,5.59896,6.52853,2.93751,1.56448,3.16376,687972,2261394,7265681,66550,445503,27078,8067004,1138275,449786,5478528,233891.0,17202305,2631364,603677,4061955,7296996,302701,83924,9518685,9905310
1996-08-01,0.63432,0.477368235294118,0.829271764705882,-0.8656,5.57471,6.52978,2.94074,1.56549,3.149024,608372,2423413,6635571,73492,445503,27078,9068224,1138275,449786,5478528,233891.0,18298057,3034723,657678,4610675,8303076,411536,83296,9500149,9994981
1996-09-01,0.527151176470588,0.32791,0.702526470588235,-0.66947,5.6122,6.56536,2.97122,1.58408,3.212678,378641,2213031,6331855,57056,445503,27078,7520586,1138275,449786,5478528,233891.0,17597176,2873304,625651,4397640,7896595,371318,83822,9245440,9700580
1996-10-01,0.375821764705882,0.0965717647058823,0.584698823529412,-0.09905,5.67417,6.61426,3.0671,1.6426,3.379816,343534,2970692,5816529,70313,445503,27078,8288360,1138275,449786,5478528,233891.0,16867422,2606517,526297,3650633,6783447,307950,90643,9685382,10083975
1996-11-01,0.199595294117647,-0.0664158823529411,0.429978235294118,0.50425,5.74181,6.65284,3.1574,1.70866,3.552992,324866,2720570,5916371,57790,445503,27078,8458068,1138275,449786,5478528,233891.0,17217667,2714885,571731,3687640,6974256,473154,87852,9682404,10243410
1996-12-01,0.0717258823529411,-0.154635294117647,0.331925882352941,0.72614,5.9393,6.75288,3.364,1.90442,3.737348,390373,2694059,6397722,62271,445503,27078,8863206,1138275,449786,5478528,233891.0,17158393,2797487,610843,3852251,7260581,289113,87332,9521367,9897812
1997-01-01,-0.0230882352941176,-0.301584117647059,0.303878235294118,0.86639,5.8744,6.71688,3.30008,1.83445,3.71844,379979,3086281,6084799,69361,445503,27078,8841019,1138275,449786,5478528,233891.0,16224867,2814138,557379,3616542,6988059,301811,80421,8854576,9236808
1997-02-01,0.0709164705882352,-0.155784705882353,0.442114117647059,0.76413,5.87605,6.71506,3.28897,1.83939,3.69672,304792,2809659,5019339,56702,445503,27078,8037794,1138275,449786,5478528,233891.0,15363840,2788312,558610,3551611,6898533,327617,70471,8067220,8465308
1997-03-01,0.231187058823529,-0.0242588235294117,0.559394705882353,0.4826,5.79873,6.66794,3.19651,1.75551,3.580258,289682,3445012,4779982,62804,445503,27078,9825381,1138275,449786,5478528,233891.0,16094268,2555048,528672,3333225,6416945,345359,81877,9250086,9677322
1997-04-01,0.396735882352941,0.125717058823529,0.690134705882353,0.03801,5.73145,6.62884,3.10179,1.67831,3.43568,319199,3218134,5721999,66599,445503,27078,8416221,1138275,449786,5478528,233891.0,16266027,2629204,555354,3430624,6615182,292235,84596,9274014,9650845
1997-05-01,0.541060588235294,0.291958823529412,0.818184117647059,-0.29856,5.68172,6.5941,3.01163,1.61899,3.321576,443087,2778159,5870348,59108,445503,27078,8996029,1138275,449786,5478528,233891.0,16028072,2525076,511468,3333483,6370027,302913,80963,9274169,9658045
1997-06-01,0.696075882352941,0.455240588235294,0.948715294117647,-0.71464,5.63967,6.55835,2.96889,1.58936,3.208326,641498,2691939,7062841,54649,445503,27078,8181289,1138275,449786,5478528,233891.0,16465534,2545295,536842,3514613,6596750,450147,84923,9333713,9868783
1997-07-01,0.779295882352941,0.589952352941176,1.01330058823529,-0.84775,5.61369,6.55143,2.96058,1.57728,3.171046,807805,2868641,7796002,62068,445503,27078,8870128,1138275,449786,5478528,233891.0,17202305,2631364,603677,4061955,7296996,302701,83924,9518685,9905310
1997-08-01,0.805171176470588,0.650214705882353,1.00893470588235,-0.89054,5.54832,6.50707,2.92492,1.55856,3.129666,616668,2901560,7828720,67988,445503,27078,9174802,1138275,449786,5478528,233891.0,18298057,3034723,657678,4610675,8303076,411536,83296,9500149,9994981
1997-09-01,0.639301764705882,0.394071176470588,0.958707647058824,-0.51714,5.62953,6.58319,2.99379,1.60395,3.258664,404777,2283312,7129680,51786,445503,27078,8462285,1138275,449786,5478528,233891.0,17597176,2873304,625651,4397640,7896595,371318,83822,9245440,9700580
1997-10-01,0.454500588235294,0.0834388235294117,0.768751176470588,-0.02592,5.64383,6.59678,3.02919,1.62162,3.3731,329600,3074968,6054010,53632,445503,27078,9724725,1138275,449786,5478528,233891.0,16867422,2606517,526297,3650633,6783447,307950,90643,9685382,10083975
1997-11-01,0.311721176470588,0.0085111764705882,0.59929,0.33534,5.72143,6.64987,3.14738,1.69358,3.50952,355187,2780438,6173887,54457,445503,27078,9561146,1138275,449786,5478528,233891.0,17217667,2714885,571731,3687640,6974256,473154,87852,9682404,10243410
1997-12-01,0.105560588235294,-0.191208823529412,0.408141764705882,0.69981,5.82056,6.7056,3.27711,1.81225,3.663066,511250,2486008,7564042,58870,445503,27078,8722472,1138275,449786,5478528,233891.0,17158393,2797487,610843,3852251,7260581,289113,87332,9521367,9897812
1998-01-01,0.0235482352941176,-0.342738823529412,0.309988235294118,0.80812,5.8445,6.70743,3.29954,1.83425,3.698768,386858,2100427,7409840,48913,445503,27078,7300480,1138275,449786,5478528,233891.0,15800172,2805573,582849,3777655,7166077,316631,72114,8245349,8634094
1998-02-01,0.169231176470588,-0.158347058823529,0.564794705882353,0.64696,5.79976,6.68254,3.22926,1.77493,3.62669,376998,1796358,5724333,47022,445503,27078,8345810,1754064,292365,6127088,172293.0,15414800,2820949,567980,3600225,6989154,330808,68842,8025997,8425647
1998-03-01,0.30011,0.0159594117647058,0.719165882352941,0.43459,5.78037,6.66293,3.18073,1.73654,3.559032,459801,1755337,6788747,65115,445503,27078,8551680,1515938,412555,6551537,71650.0,15621705,2700132,536653,3325284,6562069,324921,76603,8658113,9059637
1998-04-01,0.572450588235294,0.178549411764706,0.95642,-0.18694,5.71989,6.6248,3.09999,1.67773,3.387094,585975,1368879,7431684,54126,445503,27078,7523118,951292,459883,6088770,23173.0,15708803,2605285,569459,3455175,6629919,295683,77871,8705330,9078884
1998-05-01,0.69607,0.443434117647059,1.05367176470588,-0.44176,5.66695,6.58613,3.01389,1.61612,3.288266,690735,1712760,6747681,58022,445503,27078,8195673,1026622,591326,6568393,9332.0,15626729,2637033,532698,3393120,6562851,294314,78413,8691151,9063878
1998-06-01,0.780273529411765,0.525625294117647,1.07855529411765,-0.62455,5.63898,6.56191,2.9662,1.58776,3.22606,568012,2309313,7174442,47674,445503,27078,7357013,745888,534954,6030844,45327.0,15786326,2579128,552387,3472327,6603842,423919,128049,8630515,9182483
1998-07-01,0.925930588235294,0.773568235294118,1.16942470588235,-0.81997,5.61234,6.54565,2.94955,1.57319,3.172152,706291,2963430,8044226,54986,445503,27078,6643359,481114,550869,5389683,221693.0,16176705,2632137,615474,3897449,7145060,303093,74064,8654488,9031645
1998-08-01,0.955320588235294,0.764984117647059,1.16753294117647,-0.83259,5.56138,6.51356,2.93019,1.55973,3.146454,864623,2788128,8293659,54248,445503,27078,6306832,441600,593782,5105821,165629.0,16609760,2830602,654583,4336453,7821638,366650,71829,8349643,8788122
1998-09-01,0.857974705882353,0.609010588235294,1.15344058823529,-0.69687,5.61197,6.56939,2.97979,1.59108,3.211072,405984,2643097,7461610,38233,445503,27078,7687864,643295,596874,6254278,193417.0,17254502,2924749,646374,4239392,7810515,346086,80369,9017532,9443987
1998-10-01,0.655079411764706,0.326477058823529,0.927835294117647,-0.29939,5.66145,6.60959,3.05926,1.63724,3.33363,401642,2313323,8428625,34705,445503,27078,6012622,115415,537139,5261101,98967.0,16032799,2831967,565800,3703630,7101397,315064,75531,8540807,8931402
1998-11-01,0.331729411764706,-0.012485294117647,0.729145294117647,0.39161,5.73698,6.65974,3.18554,1.7213,3.539034,303707,2419337,7884261,31568,445503,27078,7196426,354498,746772,5998801,96355.0,16462463,2744199,586378,3600647,6931224,406589,84398,9040251,9531238
1998-12-01,0.147855882352941,-0.137976470588235,0.493776470588235,0.70666,5.80581,6.69624,3.26684,1.78558,3.652226,348407,2334658,8299864,40679,445503,27078,7920701,774627,743863,6297313,104898.0,16975574,2800845,639147,3878525,7318517,299994,85316,9271747,9657057
1999-01-01,0.0453694117647058,-0.27532,0.421120588235294,0.78592,5.85549,6.72781,3.324,1.86064,3.710772,309705,2768796,7710470,24576,445503,27078,7777823,400089,478689,6788155,110890.0,16857652,2897210,634454,4082079,7613743,341495,72429,8829986,9243910
1999-02-01,0.101736470588235,-0.297840588235294,0.448767647058823,0.75658,5.87584,6.73003,3.32506,1.86751,3.711004,375125,1843083,7414906,22062,445503,27078,6869754,779077,445518,5547419,97740.0,16034674,2973971,624352,4017336,7615659,363945,63029,7992041,8419015
1999-03-01,0.312185294117647,-0.0357941176470588,0.669424117647059,0.47376,5.76776,6.6583,3.16836,1.72929,3.559494,449274,1886531,8048510,24560,445503,27078,8632955,1454902,482965,6600003,95085.0,16826489,2857901,595159,3833634,7286694,382376,72312,9085108,9539796
1999-04-01,0.576301176470588,0.228099411764706,1.03084823529412,-0.04029,5.70934,6.62026,3.07186,1.65573,3.40338,548717,1822438,7554850,29240,445503,27078,8365721,1455233,547844,6296031,66613.0,17172177,2804804,640548,3946234,7391586,324666,77456,9378469,9780591
1999-05-01,0.750288235294118,0.500245882352941,1.10081176470588,-0.32671,5.6712,6.58651,3.01641,1.6178,3.313042,522005,1541984,8651824,32491,445503,27078,7975599,1301901,653150,5949446,71102.0,17014277,2773756,580887,3770762,7125405,325912,77883,9485078,9888873
1999-06-01,0.948896470588235,0.757371176470588,1.27920470588235,-0.69242,5.64724,6.57823,2.98132,1.59244,3.221362,517731,2227659,8271355,33603,445503,27078,8411930,1385949,537680,6368711,119590.0,17698167,2707198,618858,4013577,7339633,484220,80571,9793742,10358533
1999-07-01,1.05076117647059,0.848928235294118,1.32052352941176,-0.8326,5.5776,6.50597,2.93168,1.55704,3.147938,358879,3473919,8501971,46804,445503,27078,8625631,916554,573731,6955897,179449.0,18391299,2754615,678651,4396654,7829920,357345,79246,10124788,10561379
1999-08-01,1.08253058823529,0.892744705882353,1.34619588235294,-0.81382,5.58476,6.53391,2.94557,1.56417,3.162918,835151,3247051,9404774,48135,445503,27078,7487967,756670,592179,5908325,230793.0,19013452,2964056,734423,4990385,8688864,454451,78649,9791488,10324588
1999-09-01,0.980422941176471,0.710110588235294,1.24803764705882,-0.68731,5.61082,6.56108,2.97861,1.58268,3.209176,715760,2637563,9147276,31095,445503,27078,7325797,682388,610092,5901091,132226.0,19117739,3134212,736811,4863217,8734240,404086,80259,9899154,10383499
1999-10-01,0.641190588235294,0.251495882352941,0.983542941176471,-0.0893,5.65315,6.60139,3.05186,1.62469,3.368358,606373,2133219,9450322,25852,445503,27078,7981645,453030,490308,7033252,5055.0,18409965,2949241,640397,4200033,7789671,343934,86867,10189493,10620294
1999-11-01,0.382824705882353,0.0143223529411764,0.705463529411765,0.37083,5.74321,6.6571,3.16958,1.71408,3.53096,373807,2486332,9402899,30766,445503,27078,7895862,627230,591746,6564342,112544.0,18569898,2856047,586093,4191396,7633536,459055,91615,10304692,10855362
1999-12-01,0.0966329411764706,-0.254237647058824,0.437733529411765,0.75676,5.82504,6.71085,3.27544,1.80662,3.674942,453708,2606471,9504622,32514,445503,27078,9121863,1310926,693564,6993628,123744.0,19109101,2907670,714757,4603538,8225965,330357,91406,10461373,10883136
2000-01-01,0.0113476470588235,-0.325373529411765,0.431654117647059,0.83292,5.88571,6.74045,3.34078,1.86796,3.733564,456883,2556319,9423588,27796,445503,27078,9145453,1164544,646341,7199463,135105.0,19635011,3065085,729110,5048124,8842319,392416,79756,10320520,10792692
2000-02-01,0.0029647058823529,-0.306412352941176,0.331828235294118,0.84322,5.79022,6.682,3.2413,1.77487,3.666322,433118,2285290,8645514,25965,445503,27078,8509514,1196666,526690,6645991,140167.0,18945849,3191737,712693,5054793,8959223,415623,69884,9501119,9986626
2000-03-01,0.333079411764706,-0.0395011764705882,0.752708235294118,0.49727,5.76681,6.66015,3.18633,1.73675,3.569462,312328,2185092,8977888,22092,445503,27078,10083469,1701549,622451,7646994,112475.0,19810568,3054528,700794,4884520,8639842,445857,82926,10641943,11170726
2000-04-01,0.586408235294118,0.226187647058824,0.975485882352941,0.11871,5.70571,6.61635,3.09144,1.66455,3.439352,306324,1849277,8326167,23914,445503,27078,9538746,1567344,426126,7471458,73818.0,19095940,2976712,696575,4742498,8415785,381474,83886,10214795,10680155
2000-05-01,0.838328823529412,0.552529411764706,1.32479176470588,-0.31136,5.65902,6.57799,3.01391,1.60984,3.30988,347830,1766402,8762406,23873,445503,27078,10210790,1456083,668265,8036502,49940.0,19133999,2916591,649902,4563989,8130482,378536,84391,10540590,11003517
2000-06-01,1.07052764705882,0.812485882352941,1.40475,-0.71349,5.62822,6.55244,2.97173,1.58418,3.204616,475660,2285782,8378099,34135,445503,27078,10572343,1895794,723631,7878701,74217.0,19681528,2906733,692847,4810888,8410468,433377,84463,10753220,11271060
2000-07-01,1.26068647058824,1.04610117647059,1.52354764705882,-0.84246,5.60725,6.54653,2.96166,1.57515,3.169626,501912,2745011,9290240,25400,445503,27078,11259059,1819401,721841,8248140,469677.0,20685639,3096030,779510,5389011,9264551,423524,82950,10914614,11421088
2000-08-01,1.25763529411765,1.07556823529412,1.51410470588235,-0.81559,5.5859,6.53984,2.94704,1.56622,3.164682,687119,2417551,9779878,29618,445503,27078,10778142,1611600,678258,8358288,129996.0,21493089,3474141,819920,5956026,10250087,462549,79268,10701185,11243002
2000-09-01,0.994124705882353,0.738501176470588,1.34374352941176,-0.55121,5.61428,6.56692,2.97725,1.58843,3.239134,882843,1506948,9559563,28828,445503,27078,8729204,1083999,417561,7202333,25311.0,20251853,3309683,750305,5453841,9513829,447409,78862,10211753,10738024
2000-10-01,0.751766470588235,0.403825294117647,1.11379058823529,-0.12428,5.65645,6.60618,3.0476,1.62751,3.362692,444801,1957026,8916850,8428,445503,27078,10550413,2127883,440558,7937531,44441.0,19641575,2950355,646486,4756752,8353593,377745,90935,10819302,11287982
2000-11-01,0.394421764705882,0.0534529411764706,0.83998705882353,0.44463,5.75281,6.6601,3.17217,1.71727,3.549396,413039,2517249,8819714,12144,445503,27078,10325892,1814042,517769,7809187,184894.0,20368537,3053447,710084,5116304,8879835,727626,93284,10667792,11488702
2000-12-01,0.134257647058824,-0.231112352941176,0.548874705882353,0.7323,5.85125,6.72109,3.30455,1.83124,3.688086,347965,2791193,10083833,31668,445503,27078,10244508,1449266,640262,7963130,191850.0,20791899,3107270,774966,5733455,9615691,419497,91962,10664749,11176208
2001-01-01,-0.075645294117647,-0.544305294117647,0.246145294117647,0.86393,5.9039,6.75077,3.36038,1.88112,3.75202,288603,2964555,10084810,23045,445503,27078,9928589,1660386,624873,7402179,241151.0,21300441,3433121,782575,6538096,10753792,438073,75071,10033506,10546650
2001-02-01,0.0916447058823529,-0.23394,0.557015294117647,0.78707,5.84109,6.70762,3.27094,1.80808,3.68296,222383,2672094,9045856,26811,445503,27078,9896079,1715914,512639,7450588,216937.0,21096795,3450056,762073,6512294,10724423,480292,71489,9820591,10372372
2001-03-01,0.336557058823529,-0.0024188235294117,0.925054705882353,0.54876,5.79714,6.67464,3.20775,1.74479,3.594616,222036,2876642,9033657,27626,445503,27078,11312890,2009575,650901,8445614,206800.0,21179431,3104060,741698,6038689,9884447,420604,85034,10789346,11294984
2001-04-01,0.721862352941176,0.310580588235294,1.20530764705882,-0.01845,5.74056,6.64168,3.12809,1.69148,3.436672,291904,1716358,9454708,26945,445503,27078,10260765,1619764,679007,7881155,80840.0,20933489,3162088,751085,5870261,9783434,410874,91259,10647922,11150055
2001-05-01,1.00507941176471,0.693633529411765,1.42964294117647,-0.43603,5.67257,6.59003,3.02102,1.6184,3.293198,333186,2135181,9081391,31935,445503,27078,11079151,1826065,644490,8453948,154647.0,20434987,3004257,697655,5319718,9021630,416855,93740,10902763,11413358
2001-06-01,1.18260176470588,0.927209411764706,1.53443647058824,-0.66678,5.62223,6.54389,2.95848,1.58246,3.208056,383719,2099770,8535448,26602,445503,27078,11739307,1889943,614166,9139251,95947.0,21057430,3079253,750178,5639631,9469062,514533,94839,10978996,11588368
2001-07-01,1.38997882352941,1.16391117647059,1.68056176470588,-0.81259,5.58144,6.5251,2.93387,1.56499,3.158562,598077,2249817,9372035,28684,445503,27078,12399905,2160722,493531,9580967,164685.0,21355726,3136408,822301,5980843,9939552,439380,88953,10887841,11416174
2001-08-01,1.40267647058824,1.11988235294118,1.69729941176471,-0.80739,5.54435,6.50152,2.92145,1.55133,3.142252,661750,2255590,10380449,24756,445503,27078,11308779,1477581,407412,9297965,125821.0,22434299,3685891,883598,6679132,11248621,513138,89220,10583320,11185678
2001-09-01,1.17783470588235,0.789647647058824,1.48138647058824,-0.64305,5.5938,6.55667,2.97406,1.58335,3.212966,394661,2315988,9103272,23495,445503,27078,11308657,1631757,470317,9173777,32806.0,22211627,3396831,842755,6268263,10507849,563384,95626,11044768,11703778
2001-10-01,0.888515882352941,0.583457647058824,1.21698764705882,-0.26271,5.66284,6.61142,3.06767,1.64416,3.344676,288198,2005271,8951309,24450,445503,27078,11392013,1672647,549316,9130384,39666.0,21063675,3080612,712701,5695171,9488484,930822,89032,10555336,11575190
2001-11-01,0.427908235294118,0.091315294117647,0.804762941176471,0.43271,5.74595,6.66278,3.18131,1.72942,3.550434,249204,2404867,9572550,28060,445503,27078,11876318,1613565,687390,9507052,68311.0,21757501,3289316,781810,5987510,10058636,435018,98587,11165261,11698866
2001-12-01,0.0711770588235294,-0.170319411764706,0.503311764705882,0.79981,5.85855,6.72794,3.30651,1.84071,3.706704,217031,3336838,9517548,32529,445503,27078,12934287,2344420,673343,9787205,129319.0,22905952,3389336,896397,6774382,11060115,422174,101434,11322229,11845837
2002-01-01,0.105887647058824,-0.273814117647059,0.626668823529412,0.73625,5.98749,6.783,3.41925,1.96999,3.779196,231441,3586285,9669287,24900,445503,27078,12701944,2251671,697531,9629279,123463.0,24345142,3730599,912084,7721875,12364558,501820,91074,11387691,11980585
2002-02-01,0.188051764705882,-0.124411176470588,0.584472941176471,0.67082,5.82957,6.70089,3.2742,1.82632,3.66036,240330,2720099,9413754,26999,445503,27078,10184592,1641712,406781,8033401,102698.0,22494339,3617588,863838,7329808,11811234,541587,78609,10062909,10683105
2002-03-01,0.485655294117647,0.101651764705882,0.957738235294118,0.40147,5.80607,6.67596,3.2231,1.7833,3.57798,296612,3074371,10146230,31390,445503,27078,11663819,2176059,375344,9023603,88813.0,22835056,3315747,838842,6770417,10925006,482702,92998,11334350,11910050
2002-04-01,0.808085294117647,0.504374705882353,1.30991529411765,-0.03105,5.72015,6.62718,3.10366,1.67999,3.419986,287493,2505519,8623203,30711,445503,27078,12257278,2339217,459691,9377748,80621.0,22820603,3415416,847382,6523414,10786212,450721,97552,11486117,12034390
2002-05-01,1.01315588235294,0.743037647058824,1.42593,-0.37652,5.6719,6.59452,3.01533,1.61507,3.30406,450219,2356587,10261944,26456,445503,27078,11408640,1873528,522051,8929984,83076.0,22279316,3274314,788539,6060110,10122963,423250,98670,11634432,12156352
2002-06-01,1.26389176470588,0.983451764705882,1.65051117647059,-0.62522,5.6295,6.54971,2.96527,1.58473,3.220798,542901,2652705,10107469,30946,445503,27078,10577715,761584,524234,9211295,80602.0,22228006,3351252,818594,6056592,10226438,500523,96490,11404556,12001569
2002-07-01,1.44784117647059,1.27949529411765,1.82852411764706,-0.77106,5.58336,6.52468,2.93477,1.56359,3.167068,584377,3475402,10474730,29409,445503,27078,11733940,821280,692006,10028337,192318.0,22866129,3398289,879603,6297668,10575560,481214,95680,11713675,12290569
2002-08-01,1.40906294117647,1.22121647058824,1.77641411764706,-0.74206,5.57473,6.53089,2.9342,1.56695,3.172942,882270,3015429,11028099,29899,445503,27078,10605458,534398,704377,9189120,177563.0,23628044,3801275,940997,6955949,11698221,531224,92923,11305676,11929823
2002-09-01,1.22966,0.956137647058823,1.61573705882353,-0.59816,5.60483,6.56092,2.98077,1.58838,3.227348,840252,3191555,9182703,31236,445503,27078,10658269,975363,385064,9182572,115270.0,22903899,3576592,904683,6565003,11046278,505184,97650,11254787,11857621
2002-10-01,0.796552941176471,0.31626,1.20136294117647,0.00335,5.66983,6.61572,3.07546,1.64492,3.401856,310626,4164951,9933942,31325,445503,27078,11024858,839704,623553,9551978,9623.0,22954521,3415671,795212,6571648,10782531,439666,101473,11630851,12171990
2002-11-01,0.315694705882353,0.0299835294117647,0.867819411764706,0.60148,5.71339,6.64668,3.11457,1.68123,3.55147,280498,4332833,9298103,26696,445503,27078,12588407,1716623,609298,10127901,134584.0,24314025,3632047,928482,7031811,11592340,785382,107719,11828584,12721685
2002-12-01,0.170287058823529,-0.140592941176471,0.62778705882353,0.6788,5.86612,6.72037,3.299,1.84086,3.68103,364027,3261214,10963441,33055,445503,27078,13524564,1561925,674610,10705452,582576.0,24782292,3749509,1015363,7301400,12066272,512457,104343,12099220,12716020
2003-01-01,-0.0761517647058823,-0.49468,0.332452352941177,0.82811,5.90268,6.73785,3.33752,1.88083,3.737398,333618,3411047,11746615,27163,445503,27078,13222237,1635999,674250,10371191,540796.0,26415264,4089067,1028178,8641748,13758993,541484,95484,12019302,12656270
2003-02-01,0.199455294117647,-0.162787058823529,0.526032352941177,0.6804,5.90359,6.73848,3.32773,1.88446,3.706932,306940,3125283,9382964,29173,445503,27078,12097968,1884082,443340,9163838,606707.0,24943032,4005757,961405,8340782,13307944,575851,85168,10974069,11635088
2003-03-01,0.423185294117647,0.0735129411764705,0.949198235294118,0.46499,5.78947,6.6686,3.20157,1.76151,3.577228,319765,3841552,11486760,28333,445503,27078,11536474,1621405,679549,9137847,97673.0,24587115,3535938,945639,7365479,11847056,477148,99280,12163630,12740058
2003-04-01,0.825841176470588,0.497707647058824,1.33481882352941,-0.00537,5.7109,6.61942,3.08516,1.66814,3.41565,378063,4171429,9862561,32903,445503,27078,10576434,1060790,684264,8780539,50840.0,24347637,3681920,937108,7161295,11780323,453238,102840,12011236,12567314
2003-05-01,1.15898823529412,0.72707705882353,1.52283470588235,-0.45145,5.65455,6.5846,2.99591,1.60709,3.27814,759216,4138049,9028456,24319,445503,27078,11114352,1270229,633424,9168134,42565.0,23251967,3519326,823848,6489256,10832430,417418,100517,11901604,12419539
2003-06-01,1.34094764705882,1.07691529411765,1.66877764705882,-0.5958,5.62773,6.56175,2.95437,1.58412,3.226434,657183,3446312,9445688,28707,445503,27078,11488280,902007,565928,9958053,62291.0,23465898,3562875,874935,6488976,10926786,476170,102092,11960849,12539111
2003-07-01,1.44551529411765,1.28894529411765,1.76794470588235,-0.7109,5.56347,6.51556,2.92921,1.56319,3.172106,825733,2689911,12153239,31930,445503,27078,10799242,534761,435767,9826245,2469.0,23605893,3571995,927286,6666185,11165466,439737,100238,11900452,12440427
2003-08-01,1.52086470588235,1.29270941176471,1.81248647058824,-0.73066,5.54783,6.51036,2.92199,1.55372,3.160648,966902,3019233,11911654,35499,445503,27078,10895192,430055,530197,9909064,25876.0,24290405,3897428,943899,7224091,12065418,489855,96330,11638803,12224988
2003-09-01,1.35087411764706,1.02605823529412,1.68697470588235,-0.5712,5.61945,6.57443,2.98684,1.59782,3.241468,1158012,2581956,10404980,33490,445503,27078,10823983,1408636,483083,8932264,22591.5,23800219,3875935,940190,6969744,11785869,497843,93129,11423378,12014350
2003-10-01,0.918141176470588,0.546332352941177,1.33234764705882,-0.07144,5.6671,6.61408,3.0652,1.64101,3.38319,525924,2302887,11797556,30409,445503,27078,12160380,2002861,552837,9585375,19307.0,23793012,3603975,851183,6466340,10921498,437178,108777,12325559,12871514
2003-11-01,0.657305294117647,0.172594705882353,1.11342176470588,0.24792,5.76159,6.66503,3.19347,1.73224,3.52005,335984,3059103,11126372,33214,445503,27078,12224802,1860951,647036,9651905,64910.0,24885960,3646259,923962,7292532,11862753,662072,108569,12252567,13023208
2003-12-01,0.147885882352941,-0.166201764705882,0.590295294117647,0.73793,5.90034,6.75258,3.36344,1.88079,3.727016,319644,4587884,11324917,34985,445503,27078,13330132,2052087,630262,10487034,160749.0,26212828,3581607,1077771,8298377,12957755,475538,112636,12666898,13255072
2004-01-01,-0.0189494117647058,-0.545136470588235,0.289960588235294,0.793,5.90997,6.75355,3.35962,1.89391,3.74201,321437,5414791,10376178,34941,445503,27078,12648481,1527798,585866,10423836,110982.0,26752037,4204620,1106221,8830283,14141124,526325,99227,11985360,12610912
2004-02-01,0.238621764705882,-0.0921164705882353,0.909384705882353,0.65971,5.86139,6.71977,3.30805,1.85001,3.679786,222325,5831733,9485508,28747,429167,23191,11971217,1570657,524540,9722005,154015.0,27086585,4348752,1068611,8972120,14389483,592901,94225,12009976,12697102
2004-03-01,0.470691176470588,-0.013450588235294,1.04552647058824,0.43456,5.76153,6.65533,3.18675,1.74857,3.557348,231788,5648352,10190109,30562,438782,31507,12516914,1689452,497172,10231480,98810.0,26350310,3916370,1061818,8040904,13019092,502566,104489,12724163,13331218
2004-04-01,0.900437058823529,0.517954705882353,1.49360588235294,-0.00748,5.72834,6.63672,3.12129,1.69226,3.434226,233070,5076397,9630983,35966,350931,34968,11180184,1134434,525162,9478897,41692.0,25615694,3952916,1031157,7583946,12568019,475838,106840,12464997,13047675
2004-05-01,1.19351529411765,0.861434117647059,1.61333235294118,-0.3446,5.66328,6.58176,3.00927,1.61508,3.304958,362192,4483202,10406757,32794,312854,29555,11333706,1116144,590920,9618120,8522.0,24587236,3766155,900981,6820215,11487351,446327,103974,12549585,13099886
2004-06-01,1.51580411764706,1.14130705882353,1.88727294117647,-0.65951,5.62303,6.55129,2.95227,1.58085,3.209586,605523,4490371,10784888,30821,253986,27881,11296560,1212910,535511,9516512,31627.0,25131881,3816530,973540,6968806,11758876,515766,106834,12750406,13373006
2004-07-01,1.70520764705882,1.53331411764706,2.12499764705882,-0.72264,5.5711,6.50078,2.9246,1.55914,3.166596,1121467,4635450,11601747,35868,259754,30412,12010987,906011,461099,10580523,63354.0,25577155,3883205,1057062,7347103,12287370,479477,105345,12704964,13289786
2004-08-01,1.74269117647059,1.48678823529412,2.10022235294118,-0.74238,5.54085,6.4944,2.91505,1.54681,3.150946,1092964,3480981,12665536,38476,134902,28744,12375333,1035157,531404,10777705,31067.0,27249274,4675245,1132416,8310352,14118013,624311,103234,12403717,13131262
2004-09-01,1.46212882352941,1.17334470588235,1.81390764705882,-0.59042,5.60139,6.56427,2.97832,1.58977,3.228666,649250,3244124,11271203,35564,131838,28750,11443657,1141017,436097,9864296,2248.0,25634547,4121334,1038282,7438016,12597632,563553,104116,12369244,13036913
2004-10-01,1.03807647058824,0.650190588235294,1.42591647058824,-0.16559,5.65458,6.60544,3.05016,1.63472,3.355862,351984,4111752,10796200,35784,227417,29535,12514266,1325897,363921,10802475,21973.0,24772485,3823664,913581,6768664,11505909,472378,109037,12685160,13266575
2004-11-01,0.671191176470588,0.351678235294118,1.21940411764706,0.27712,5.75668,6.66063,3.1853,1.732,3.522346,337114,4215158,11147264,32084,259782,27829,12659728,1882829,323624,10386373,66902.0,26131502,4006960,990907,7377399,12375266,796772,115197,12844268,13756237
2004-12-01,0.24748,-0.0806452941176471,0.806864117647059,0.65395,5.84396,6.70677,3.28271,1.82449,3.662376,332319,4819629,12358441,35288,307623,30733,13413676,1541702,411755,11358094,102126.0,27206879,4099569,1142223,8268565,13510357,514331,116945,13065247,13696523
2005-01-01,-0.0575564705882352,-0.387350588235294,0.427057647058824,0.83209,5.91778,6.73765,3.33479,1.88651,3.741764,275960,6128371,11547307,32454,360014,33990,14089063,2441242,423419,11081189,143213.0,29238796,4499794,1225001,9658804,15383599,569887,105439,13179871,13855197
2005-02-01,-0.0158717647058823,-0.387944117647059,0.448966470588235,0.80995,5.90875,6.73291,3.32638,1.87883,3.731364,237231,3994546,11324946,29835,286440,35957,12389177,2147964,347564,9753146,140503.0,27497979,4468249,1165090,9509988,15143327,623424,87207,11644020,12354651
2005-03-01,0.373155294117647,-0.0115829411764705,0.986501764705882,0.57238,5.81529,6.67634,3.22,1.7874,3.614282,197909,5333724,12634971,34576,450377,42515,12754514,2523097,518160,9617045,96213.0,28035082,4061280,1188431,8801785,14051496,560835,106838,13315914,13983587
2005-04-01,0.986151764705882,0.588822941176471,1.71249588235294,-0.00989,5.71003,6.61264,3.07795,1.66054,3.410254,330058,2953709,12656599,29254,234346,35535,11938918,1616788,529065,9742225,50840.0,27373270,4178241,1146766,8313744,13638751,529021,111433,13094065,13734519
2005-05-01,1.28061470588235,0.920984705882353,1.75553117647059,-0.33777,5.67433,6.58956,3.02586,1.62083,3.314562,471409,2780110,13282286,38718,156643,34348,11871907,986548,506809,10373801,4748.0,25918867,3894252,983952,7185553,12063757,498174,114481,13242455,13855110
2005-06-01,1.64534705882353,1.31398882352941,2.0673,-0.63201,5.63238,6.54333,2.9654,1.58217,3.218254,445305,4508439,11691574,42175,117433,29285,12075776,738613,487961,10828575,20627.0,26810982,4108001,1068247,7607980,12784228,589770,114340,13322644,14026754
2005-07-01,1.83237117647059,1.61542882352941,2.21431294117647,-0.72731,5.59896,6.52853,2.93751,1.56448,3.180434,720921,5077825,11853747,58841,133201,28618,13354901,921807,527196,11881314,24584.0,27374078,4141834,1167210,8029761,13338805,539656,107167,13388449,14035272
2005-08-01,1.85624294117647,1.58956352941176,2.22016882352941,-0.71922,5.57471,6.52978,2.94074,1.56549,3.1783,832502,4339908,13254631,64413,97070,29248,12508185,298999,555289,11628161,25736.0,28435470,4666902,1200095,8723798,14590795,611698,106717,13126263,13844678
2005-09-01,1.62000823529412,1.32424764705882,2.05359764705882,-0.59569,5.6122,6.56536,2.97122,1.58408,3.227434,547569,4507073,11363521,58476,140832,30931,11850567,808948,466888,10559959,14771.0,27315740,4297548,1142122,8088575,13528245,593007,109235,13085253,13787495
2005-10-01,1.10677588235294,0.616718235294118,1.53207941176471,-0.13483,5.67417,6.61426,3.0671,1.6426,3.37266,494017,4313527,12684093,61990,194623,31421,11639948,394492,452043,10779196,14217.0,26167397,3999118,1002126,7314160,12315404,510315,113464,13228217,13851996
2005-11-01,0.68154,0.268304117647059,1.30419764705882,0.29995,5.74181,6.65284,3.1574,1.70866,3.512132,316208,5834949,11827321,61542,251681,29760,12333555,935916,467557,10868616,61466.0,27679290,4127784,1099493,7973624,13200901,791558,120472,13566361,14478391
2005-12-01,-0.144227058823529,-0.521020588235294,0.538904705882353,0.86094,5.9393,6.75288,3.364,1.90442,3.764308,319799,7684717,12658027,63065,335884,42491,14400686,1714693,507828,11988717,189448.0,30565876,4430033,1352089,9778791,15560913,589169,120326,14295468,15004963
2006-01-01,0.0882576470588235,-0.366542941176471,0.569027058823529,0.76326,5.8744,6.71688,3.30008,1.83445,3.697814,206390,5169329,12999370,66094,333794,36458,15062281,2285236,526608,12103184,147253.0,31823465,4778843,1390787,10986164,17155794,652674,107073,13907924,14667671
2006-02-01,0.110583529411765,-0.494928823529412,0.615994705882353,0.72873,5.87605,6.71506,3.28897,1.83939,3.68964,178216,6275354,11542653,49117,290228,35630,12766622,1321060,394163,10908410,142989.0,29978782,4621615,1271026,10204934,16097575,662155,100607,13118445,13881207
2006-03-01,0.485758235294118,-0.090965294117647,1.00308764705882,0.50864,5.79873,6.66794,3.19651,1.75551,3.585466,191787,8010350,11124091,65596,314948,42291,13075849,1442560,556932,10948777,127580.0,29262514,4134509,1245042,9155216,14534767,567076,113893,14046778,14727747
2006-04-01,0.918725294117647,0.581577647058824,1.52204058823529,0.09895,5.73145,6.62884,3.10179,1.67831,3.447868,244783,6657252,11247414,73382,255575,39204,11337712,859998,545183,9863231,69301.0,28826291,4349791,1222791,8938952,14511534,547545,115315,13651897,14314757
2006-05-01,1.39302941176471,1.03344705882353,1.91446117647059,-0.39219,5.68172,6.5941,3.01163,1.61899,3.30285,429949,5074779,12399539,64430,181383,32672,11298897,475120,446397,10354866,22514.0,27349505,4027016,1069648,7831433,12928097,505024,117926,13798458,14421408
2006-06-01,1.68931941176471,1.43126470588235,2.13249352941177,-0.51785,5.63967,6.55835,2.96889,1.58936,3.247684,579371,5004679,12513770,50856,144057,30363,11641685,626343,443976,10468720,102647.0,27613395,4151786,1098778,7838581,13089145,553085,119236,13851929,14524250
2006-07-01,1.82577941176471,1.60939647058824,2.27542882352941,-0.65764,5.61369,6.55143,2.96058,1.57728,3.209068,1068032,4236872,13348041,54897,111119,31966,12604905,382210,462394,11626990,133311.0,27999171,4217472,1177006,8233070,13627548,523236,110395,13737992,14371623
2006-08-01,2.11990235294118,1.83705705882353,2.49150647058824,-0.73643,5.54832,6.50707,2.92492,1.55856,3.160488,1074817,5230053,13558905,63618,72718,31230,14224144,879283,568079,12573366,203416.0,29861619,4840414,1292244,9184733,15317391,642691,117533,13784004,14544228
2006-09-01,1.62285352941176,1.29751529411765,2.05176352941176,-0.54742,5.62953,6.58319,2.99379,1.60395,3.252608,431282,4859485,12394753,34123,142843,36191,12333728,626528,413281,11267743,26176.0,29431425,4575149,1235764,8689507,14500420,654271,124781,14151953,14931005
2006-10-01,1.40696705882353,0.982905882352941,1.82883529411765,-0.35784,5.64383,6.59678,3.02919,1.62162,3.306716,347314,4168141,13010513,43252,151154,55296,12300116,619391,317941,11330226,32559.0,26316296,3984903,1021020,7450384,12456307,531913,112533,13215543,13859989
2006-11-01,0.755157647058824,0.355974705882353,1.32358941176471,0.30718,5.72143,6.64987,3.14738,1.69358,3.503888,222276,5702618,12074860,53463,286802,71312,13641905,2186112,439417,10923378,92998.0,28914360,4312012,1167790,8376019,13855821,845341,126754,14086444,15058539
2006-12-01,0.21868,-0.358974117647059,0.687379411764706,0.68825,5.82056,6.7056,3.27711,1.81225,3.660754,244406,6749431,12534979,58467,312111,68611,15623073,2602949,595019,12267694,157411.0,31342548,4528387,1396661,10058771,15983819,610681,127037,14621011,15358729
2007-01-01,0.143561176470588,-0.187747058823529,0.634727647058824,0.74949,5.8445,6.70743,3.29954,1.83425,3.687042,216641,6468328,12642488,59603,339913,72322,16476173,2509951,550300,13208521,207400.0,32543861,4706885,1401561,10866291,16974737,656547,120348,14792223,15569118
2007-02-01,0.409086470588235,-0.119265882352941,0.891761764705882,0.56862,5.79976,6.68254,3.22926,1.77493,3.611022,213268,5998543,11035769,51380,278048,56032,13398416,1910618,375630,10936210,175958.0,31089129,4736308,1327497,10738706,16802511,710859,107321,13468437,14286617
2007-03-01,0.598004705882353,-0.0230023529411764,1.12901352941176,0.44112,5.78037,6.66293,3.18073,1.73654,3.560338,254733,6924245,12269561,56792,319292,76293,14625430,2175628,453216,11835805,160782.0,30138431,4202931,1285094,9365077,14853102,588603,116831,14579895,15285329
2007-04-01,0.999974705882353,0.531849411764706,1.58729764705882,0.10736,5.71989,6.6248,3.09999,1.67773,3.445954,254476,5972083,11880319,46700,244137,74578,12855145,1133528,542639,11088419,90559.0,30374816,4462705,1296526,9381808,15141039,580356,124476,14528944,15233776
2007-05-01,1.50819882352941,1.17370764705882,2.06416117647059,-0.36739,5.66695,6.58613,3.01389,1.61612,3.30314,347825,5847084,11470475,57655,201099,77457,13502397,1516203,545270,11376259,64664.0,29029176,4183592,1130833,8270064,13584489,562374,123044,14759268,15444686
2007-06-01,1.85611235294118,1.55519117647059,2.29171470588235,-0.62814,5.63898,6.56191,2.9662,1.58776,3.225342,410835,6453261,10868108,47409,124170,61887,13790177,1124260,530552,11998255,137109.0,29203872,4261530,1177411,8279936,13718877,629755,125455,14729784,15484994
2007-07-01,1.99462941176471,1.77460235294118,2.43275,-0.67464,5.61234,6.54565,2.94955,1.57319,3.201218,511111,6233718,11878842,32930,109348,35370,14869201,719172,455219,13585610,109199.0,29845821,4300541,1285129,8691159,14276829,575507,121404,14872081,15568992
2007-08-01,2.20848352941177,1.85207764705882,2.55478882352941,-0.7279,5.56138,6.51356,2.93019,1.55973,3.167392,984462,5816822,13148211,43986,124639,54971,15745448,944968,580485,13929965,290030.0,31669513,4980564,1364193,9672248,16017005,682731,121958,14847819,15652508
2007-09-01,1.81196764705882,1.54977352941176,2.27369647058824,-0.57514,5.61197,6.56939,2.97979,1.59108,3.235418,887829,5150213,11708775,39174,122534,60740,13305917,583725,427155,12209287,85751.0,30680240,4844205,1335123,9203827,15383155,688721,118991,14489372,15297084
2007-10-01,1.31250647058824,0.801248823529412,1.77830176470588,-0.16509,5.66145,6.60959,3.05926,1.63724,3.36049,399994,6666363,11411423,35864,300192,74490,13959694,923111,562356,12306975,167253.0,29202242,4317981,1171100,8159533,13648614,571352,126671,14855605,15553628
2007-11-01,0.664053529411765,0.100356470588235,1.19697647058823,0.40094,5.73698,6.65974,3.18554,1.7213,3.5409,298557,7025453,12148367,51202,356688,86231,14682635,955416,478237,13047165,201817.0,31274923,4504219,1284511,9168285,14957015,866641,138094,15313173,16317908
2007-12-01,0.280725882352941,-0.037255294117647,0.841515882352941,0.68086,5.80581,6.69624,3.26684,1.78558,3.647066,262730,7849305,12474825,55662,565078,100454,16204442,1206157,560485,14100621,337179.0,33553410,4672523,1519602,10804289,16996414,681347,139572,15736077,16556996
2008-01-01,0.0161476470588235,-0.484192941176471,0.499167647058823,0.80486,5.85549,6.72781,3.324,1.86064,3.71456,306151,8752088,13362756,50751,614731,82896,16135808,1394058,568286,13753079,420385.0,35129161,5002651,1523330,11750225,18276206,717768,136341,15998875,16852984
2008-02-01,0.0193705882352941,-0.385355294117647,0.677714705882353,0.78869,5.87584,6.73003,3.32506,1.86751,3.717426,313642,7172186,12816066,43228,582333,97429,14488149,1034452,403245,12823102,227350.0,34177711,5037259,1513567,11982629,18533455,761485,114846,14767925,15644256
2008-03-01,0.673358235294118,0.258251764705882,1.28134176470588,0.37816,5.76776,6.6583,3.16836,1.72929,3.540374,324779,6922315,13733839,44317,592144,92079,14167708,636204,622733,12818213,90558.0,33293772,4559993,1475240,10553059,16588292,709968,131898,15863613,16705479
2008-04-01,1.19412941176471,0.775381176470588,1.84847411764706,-0.08667,5.70934,6.62026,3.07186,1.65573,3.394104,372141,6135854,12137281,39426,515723,89238,13505079,524489,587226,12369155,24209.0,31704738,4621475,1347134,9502189,15470798,609189,127404,15497348,16233941
2008-05-01,1.54446529411765,1.08596352941176,2.17061294117647,-0.33278,5.6712,6.58651,3.01641,1.6178,3.311828,439217,5976805,12127124,45848,280028,83998,14110231,385000,540084,13142769,42378.0,30119983,4327527,1185546,8435189,13948262,588415,127303,15456004,16171722
2008-06-01,1.82609294117647,1.46617941176471,2.29939176470588,-0.54979,5.64724,6.57823,2.98132,1.59244,3.249888,480613,4856487,11966569,18977,318038,56888,15149101,430324,580820,14099221,38736.0,30352080,4412073,1234560,8467546,14114179,621888,115896,15500116,16237900
2008-07-01,2.24660882352941,1.95314176470588,2.65504705882353,-0.6905,5.5776,6.50597,2.93168,1.55704,3.176358,633131,6061190,12345477,33801,344574,80161,17481712,1001307,653589,15604790,222026.0,32010672,4554289,1401717,9202828,15158834,611924,117460,16122454,16851838
2008-08-01,2.18901764705882,1.88000529411765,2.60456941176471,-0.66982,5.58476,6.53391,2.94557,1.56417,3.191718,1121832,4322361,13561182,32695,268517,77098,16819190,368460,532161,15826943,91627.0,33021497,5212158,1407042,10023405,16642605,743266,113784,15521840,16378890
2008-09-01,1.93510823529412,1.30288235294118,2.34103941176471,-0.55243,5.61082,6.56108,2.97861,1.58268,3.236152,657491,5363438,11612437,38832,316376,70095,15318174,511924,392461,14219935,193854.0,31322927,4714525,1335939,9112717,15163181,715275,108372,15336099,16159746
2008-10-01,1.46197529411765,1.01291823529412,1.98999529411765,-0.23792,5.65315,6.60139,3.05186,1.62469,3.338634,419730,5918698,12140059,45708,300192,184989,15163305,366641,552678,14236357,7630.0,30403363,4373511,1226168,8435499,14035178,622543,117744,15627896,16368183
2008-11-01,0.76000705882353,0.0673023529411765,1.29321411764706,0.33022,5.74321,6.6571,3.16958,1.71408,3.522838,264925,6526778,11938911,41255,356688,245151,14945530,506380,718444,13665546,55160.0,30863876,4619509,1310398,9228903,15158810,953877,117663,14633526,15705066
2008-12-01,0.239890588235294,-0.387638823529412,0.832932352941177,0.66965,5.82504,6.71085,3.27544,1.80662,3.65752,228998,6511151,13216231,67870,565078,213402,16371369,822323,777267,14667928,103850.0,32670358,4792968,1616688,10940876,17350532,733229,117397,14469201,15319827
2009-01-01,-0.0341347058823529,-0.535435294117647,0.631578235294118,0.78925,5.88571,6.74045,3.34078,1.86796,3.72483,305668,6021321,12897651,63124,617899,142521,17694375,1877233,705170,14968051,143921.0,34349683,5200531,1666080,12516933,19383544,829088,105714,14031337,14966139
2009-02-01,0.399427058823529,-0.128312352941177,1.09511941176471,0.60863,5.79022,6.682,3.2413,1.77487,3.619404,242577,4940880,11343595,61315,600762,130936,16657834,1969190,719707,13887423,81513.0,33306296,5165742,1540121,11785449,18491312,827631,99300,13888053,14814984
2009-03-01,0.650822941176471,0.233281176470588,1.52257235294118,0.44099,5.76681,6.66015,3.18633,1.73675,3.558206,280306,5251755,12384729,59787,605487,160186,17836161,1989141,782087,15014930,50002.0,32615254,4516807,1528489,10401325,16446621,735226,108855,15324553,16168634
2009-04-01,1.16970058823529,0.634430588235294,1.88550235294118,0.00649,5.70571,6.61635,3.09144,1.66455,3.416908,315786,4315554,12004378,39462,450097,145766,16356422,1800356,681506,13863495,11065.0,32478163,4756324,1463246,9917781,16137351,698429,110706,15531678,16340813
2009-05-01,1.68669764705882,1.27800117647059,2.32900235294118,-0.41068,5.65902,6.57799,3.01391,1.60984,3.290016,484918,3086789,12927934,51329,344856,151947,16380948,992648,729618,14613767,44915.0,30436168,4485765,1262053,8743109,14490927,645140,108845,15191256,15945241
2009-06-01,1.99365176470588,1.60329411764706,2.53560941176471,-0.58334,5.62822,6.55244,2.97173,1.58418,3.230646,609269,4747452,12407682,56064,343793,115572,15922794,259123,516630,15126706,20334.0,31079781,4549373,1346197,9000386,14895956,688549,114574,15380702,16183825
2009-07-01,2.15502235294118,1.90219411764706,2.54500529411765,-0.65747,5.60725,6.54653,2.96166,1.57515,3.206624,1076073,4601183,13073661,53083,356689,123406,17535216,204199,587004,16684813,59200.0,32430824,4620457,1496890,9578963,15696310,655989,110543,15967984,16734516
2009-08-01,2.27169117647059,1.91198705882353,2.66534352941176,-0.67456,5.5859,6.53984,2.94704,1.56622,3.192888,966456,4681319,12807063,71837,264706,117104,18000587,397434,659944,16904719,38490.0,33043506,5027235,1501390,9983859,16512484,734027,108154,15688841,16531022
2009-09-01,1.96048764705882,1.64559294117647,2.42846470588235,-0.56266,5.61428,6.56692,2.97725,1.58843,3.236844,484928,5605214,11335703,54992,384608,121156,17318857,273826,607736,16341804,95491.0,33525439,4862515,1514988,9542758,15920261,791394,120753,16693032,17605179
2009-10-01,1.48599647058824,1.07049882352941,2.02256941176471,-0.23597,5.65645,6.60618,3.0476,1.62751,3.340354,297348,5033604,12180657,52452,405082,157318,16388338,171345,527180,15689812,64058.5,31044394,4519174,1316375,8652123,14487672,667151,110721,15778850,16556722
2009-11-01,0.745328235294118,0.231247058823529,1.54588941176471,0.35504,5.75281,6.6601,3.17217,1.71727,3.531478,225579,7224629,11460708,58429,625924,183854,17603631,721120,703878,16146007,32626.0,33530622,4865299,1477283,9554087,15896669,1058382,122212,16453359,17633953
2009-12-01,0.112699411764706,-0.44847,0.687309411764706,0.72806,5.85125,6.72109,3.30455,1.83124,3.687238,352253,8976308,12947045,75079,827095,240842,18839911,1314484,757197,16584106,184125.0,36634505,5026261,1819146,11526201,18371608,813522,129780,17319595,18262897
2010-01-01,-0.156086470588235,-0.688651764705882,0.598424705882353,0.84789,5.9039,6.75077,3.36038,1.88112,3.748812,400215,9088348,13251629,76514,857848,278344,19786031,1553224,717764,17228395,286648.0,39712861,5507536,1926310,13585412,21019258,969598,121661,17602343,18693602
2010-02-01,0.26239,-0.223861176470588,1.18152941176471,0.63396,5.84109,6.70762,3.27094,1.80808,3.652338,376796,7697082,11431342,68940,687427,241676,16667519,1016525,629593,14814055,207345.0,37220269,5418969,1788713,12843331,20051013,969684,118516,16081055,17169255
2010-03-01,0.53136,0.0588599999999999,1.26585117647059,0.54789,5.79714,6.67464,3.20775,1.74479,3.594442,448824,8974642,11340739,64219,789984,304248,18510659,1192456,658603,16360985,298615.0,35568069,4747389,1689651,10855621,17292661,825705,128922,17320781,18275408
2010-04-01,0.953915882352941,0.457664117647059,1.68527176470588,0.21556,5.74056,6.64168,3.12809,1.69148,3.483474,489341,8095284,11444409,58249,694782,343070,15960563,873102,713885,14195439,178137.0,35979970,5021423,1692119,10877068,17590610,801814,144738,17442807,18389359
2010-05-01,1.62208764705882,1.00835588235294,2.29060764705882,-0.30445,5.67257,6.59003,3.02102,1.6184,3.319514,537686,6408096,12584152,62111,487168,349941,15539487,825884,604198,14019747,89657.0,33819812,4710172,1416320,9455208,15581700,695652,129927,17412534,18238113
2010-06-01,2.13536235294118,1.52797882352941,2.55949529411765,-0.60063,5.62223,6.54389,2.95848,1.58246,3.221286,530692,6698279,12444563,39732,429925,263331,16561702,841035,589861,14941002,189804.0,33835637,4753084,1448346,9295039,15496469,723156,147323,17468689,18339168
2010-07-01,2.39416058823529,2.12859588235294,2.84795529411765,-0.67696,5.58144,6.5251,2.93387,1.56499,3.185688,508693,6901209,13265663,51015,454848,290251,18961500,891409,779072,17050291,240728.0,35551241,4903709,1629458,10104520,16637687,719963,147904,18045687,18913554
2010-08-01,2.52919941176471,2.29033470588235,2.92187882352941,-0.67127,5.54435,6.50152,2.92145,1.55133,3.169476,781564,7290040,13303933,68028,471500,331966,19255473,925775,780250,17333667,215781.0,37264761,5729394,1687476,11230451,18647321,839120,140508,17637813,18617441
2010-09-01,2.09694235294118,1.41789647058824,2.57344352941176,-0.52891,5.5938,6.55667,2.97406,1.58335,3.235794,1035628,6349186,10979636,52554,468372,355257,17809051,680304,709533,16304966,114247.0,36254476,5522699,1693973,10607473,17824145,864029,142090,17424212,18430331
2010-10-01,1.43015352941176,0.579996470588235,1.86329352941177,-0.13782,5.66284,6.61142,3.06767,1.64416,3.369654,516504,6942090,12642764,53659,636677,449214,16690936,349829,785807,15554746,555.0,33555161,4726705,1388689,9035295,15150689,697868,144194,17562411,18404473
2010-11-01,0.731416470588235,0.191237058823529,1.26935411764706,0.39864,5.74595,6.66278,3.18131,1.72942,3.54362,372219,8635218,12922610,58373,949952,544797,16673958,331753,721760,15448829,171616.0,36106325,4962997,1590350,10132180,16685527,1024694,152822,18243282,19420798
2010-12-01,0.0983747058823529,-0.510085882352941,0.913155294117647,0.72621,5.85855,6.72794,3.30651,1.84071,3.691984,473742,10932664,12984271,77303,1151751,725964,19032395,1393074,669547,16675365,294408.0,39291648,5190092,1920137,11901471,19011700,910570,164348,19205029,20279947
2011-01-01,-0.447698235294118,-1.03302764705882,0.0061211764705882,0.91507,5.98749,6.783,3.41925,1.96999,3.81496,650927,12563666,12489488,83092,1326311,862331,20356791,1894751,724125,17352140,385776.0,43116656,5708799,2124665,14262566,22096030,1082726,160825,19777076,21020627
2011-02-01,0.230991176470588,-0.296162352941176,1.00770470588235,0.67967,5.82957,6.70089,3.2742,1.82632,3.66213,483372,8375742,11880871,69917,1204167,697555,16455025,782549,664105,14842371,166000.0,39845241,5645092,1948890,13554206,21148188,1096549,142943,17457561,18697053
2011-03-01,0.46662,0.0293611764705882,1.28777764705882,0.56716,5.80607,6.67596,3.2231,1.7833,3.611118,424599,9880464,13089307,80747,1321057,642641,17615108,1131160,690888,15492299,300761.0,38447975,4841793,1825123,11411544,18078460,932269,160992,19276254,20369515
2011-04-01,1.08850882352941,0.542045882352941,1.81935,0.13252,5.72015,6.62718,3.10366,1.67999,3.4527,357922,8554186,12755770,66158,1048498,640418,15244342,487376,660112,13851742,245112.0,37727320,5077700,1702229,10895248,17675177,857263,153727,19041153,20052143
2011-05-01,1.67003764705882,1.27789,2.26324529411765,-0.34445,5.6719,6.59452,3.01533,1.61507,3.310474,746259,7280752,13578061,70438,723994,662655,15234639,246263,552866,14399269,36241.0,35466174,4788808,1430626,9470110,15689544,697405,167918,18911306,19776629
2011-06-01,2.09215176470588,1.71282882352941,2.65548941176471,-0.53877,5.6295,6.54971,2.96527,1.58473,3.238088,787468,7814292,12260303,47389,827657,620207,16479702,751583,751314,14777294,199511.0,35759644,4794289,1493435,9449146,15736870,738820,170762,19113191,20022773
2011-07-01,2.40651647058824,2.12254176470588,2.93406588235294,-0.63937,5.58336,6.52468,2.93477,1.56359,3.193406,1293562,7103150,13982548,63800,816859,527338,18543012,425432,775527,17212289,129764.0,37296560,4929816,1677590,10114516,16721922,718216,166937,19689484,20574637
2011-08-01,2.45219117647059,2.08736823529412,2.92043941176471,-0.65431,5.57473,6.53089,2.9342,1.56695,3.190492,1245427,6842942,14445934,67084,784704,518022,18439432,444141,767991,17157139,70161.0,38374057,5557244,1731261,11034717,18323222,840934,166281,19043619,20050834
2011-09-01,2.09726117647059,1.55708352941176,2.65083882352941,-0.5208,5.60483,6.56092,2.98077,1.58838,3.24282,665051,7486470,12056994,59933,643850,533435,17349977,797576,665173,15701899,185328.0,36871130,5221464,1673873,10256889,17152226,888939,151042,18678925,19718906
2011-10-01,1.41776470588235,0.726184117647059,1.94071117647059,-0.11724,5.66983,6.61572,3.07546,1.64492,3.377738,396576,6722480,12793369,63815,1084351,576596,18132625,563498,731997,16695879,141252.0,35615491,4744069,1452306,9105906,15302281,746991,154134,19412086,20313211
2011-11-01,1.11805176470588,0.438885294117647,1.74875823529412,0.10459,5.71339,6.64668,3.11457,1.68123,3.452092,360971,7934481,12503594,69701,1196108,596944,17758166,665818,725007,16293367,73973.0,36880435,5040752,1567187,9705805,16313744,1050280,170691,19345719,20566690
2011-12-01,0.101989411764706,-0.424157647058824,0.643336470588235,0.74809,5.86612,6.72037,3.299,1.84086,3.694888,418519,10920758,12886867,78459,1451511,714247,19595985,1266191,794878,17236176,298739.0,39669577,5214421,1912126,11501621,18628168,924587,161990,19954833,21041410
2012-01-01,-0.0828464705882352,-0.561223529411765,0.497804117647059,0.80874,5.90268,6.73785,3.33752,1.88083,3.733524,419538,10391801,13113887,80977,1408526,723807,19516810,1042334,776012,17437775,260688.0,42486807,5664797,2092377,13759085,21516259,1166165,153493,19650889,20970547
2012-02-01,-0.0374611764705882,-0.705325882352941,0.659822352941176,0.76351,5.90359,6.73848,3.32773,1.88446,3.723554,378827,10903097,12091551,79623,1322289,691486,18396865,1133973,765266,16199591,298036.0,41932128,5712297,2051774,13599172,21363243,1212664,144901,19211319,20568884
2012-03-01,0.593101176470588,0.0300511764705881,1.31542176470588,0.47923,5.78947,6.6686,3.20157,1.76151,3.580076,449462,10657802,12480623,71885,1317312,660603,17977931,1203111,755891,15749453,269477.0,40324308,5160286,1916960,11920066,18997312,1097143,151593,20078261,21326997
2012-04-01,1.26972764705882,0.724021176470588,2.13202,0.02451,5.7109,6.61942,3.08516,1.66814,3.421626,687797,9615635,11387285,66308,1147976,827546,15392765,1238967,613779,13270103,269916.0,38496407,5245617,1769610,10956292,17971519,977433,156651,19390805,20524889
2012-05-01,1.87232705882353,1.41311,2.50256235294118,-0.44325,5.65455,6.5846,2.99591,1.60709,3.27978,651429,8845473,12267735,61852,920701,702847,16042229,1260104,597535,13907863,276728.0,36388770,4825159,1501295,9420666,15747120,784896,154927,19701827,20641650
2012-06-01,2.25330294117647,1.87583411764706,2.76457411764706,-0.59921,5.62773,6.56175,2.95437,1.58412,3.225752,544169,8073197,12770021,35342,790334,674081,17105827,1203305,758644,14793304,350575.0,36610560,4876703,1545611,9471078,15893392,857983,131577,19727608,20717168
2012-07-01,2.51966,2.18930294117647,3.01156882352941,-0.61948,5.56347,6.51556,2.92921,1.56319,3.19039,710236,8870556,12933458,61586,756829,733673,19229389,1372726,810544,16748114,298005.0,38149087,5002111,1928367,10135882,17066360,804987,122396,20155344,21082727
2012-08-01,2.66097235294118,2.23854117647059,3.16058647058824,-0.60202,5.54783,6.51036,2.92199,1.55372,3.186376,941327,7974361,13965899,71560,829265,704536,19667100,1213826,796668,17378759,277846.0,39901705,6256403,1588063,11452468,19296934,1040264,117320,19447187,20604771
2012-09-01,2.06735117647059,1.60105588235294,2.53654117647059,-0.50942,5.61945,6.57443,2.98684,1.59782,3.253824,895349,6260734,13357927,47641,700818,628834,17106625,448276,658332,15953942,46075.0,37881181,5407282,1671867,10350403,17429552,962390,115721,19373519,20451630
2012-10-01,1.52516176470588,0.94539,2.00770823529412,-0.19322,5.6671,6.61408,3.0652,1.64101,3.358834,680071,7026161,12674208,60012,924365,749794,17326196,866388,690804,15477091,291914.0,34907400,4804896,1482762,8772294,15059952,783288,114517,18949643,19847448
2012-11-01,0.692422941176471,0.195066470588235,1.28786588235294,0.45271,5.76159,6.66503,3.19347,1.73224,3.561008,611442,10090672,10929040,39026,1304388,754737,18488405,1223786,759969,16181871,322779.0,37931181,5157886,1701972,10186466,17046324,1230012,127300,19527544,20884856
2012-12-01,-0.162391764705882,-0.687575294117647,0.531217647058824,0.83496,5.90034,6.75258,3.36344,1.88079,3.746422,682655,12172443,12355661,76257,1489932,765925,20085859,1346625,784319,17464090,490826.0,41583414,5422714,2171682,12474903,20069299,1156775,125974,20231367,21514116
2013-01-01,-0.149718235294118,-0.759783529411765,0.689500588235294,0.8057,5.90997,6.75355,3.35962,1.89391,3.74455,564772,11839774,13669624,81817,1479302,787986,20134978,1201705,787770,17583287,562217.0,44491470,5881480,2309354,14243845,22434679,1383228,123434,20550128,22056790
2013-02-01,0.07734,-0.672147647058824,0.949775882352941,0.74921,5.86139,6.71977,3.30805,1.85001,3.697686,594322,9412473,11300927,67493,1310221,721194,17827259,995489,666740,15662236,502794.0,41012232,5746706,2123222,13237272,21107200,1363596,110767,18430670,19905033
2013-03-01,0.672274117647059,0.265891764705882,1.74229823529412,0.4706,5.76153,6.65533,3.18675,1.74857,3.564556,585245,9986408,12077521,64745,1394261,738203,18467341,918080,750976,16673645,124640.0,39520572,4978420,1908230,11221782,18108432,1158794,120507,20132840,21412141
2013-04-01,1.07353705882353,0.567989411764706,1.90148705882353,0.16527,5.72834,6.63672,3.12129,1.69226,3.468776,688628,10333717,10810117,67153,1100720,796902,16845723,1370917,626140,14548501,300165.0,39007192,5240100,1872996,10772305,17885401,1046160,125727,19949903,21121790
2013-05-01,1.82353117647059,1.29525294117647,2.58467411764706,-0.34568,5.66328,6.58176,3.00927,1.61508,3.304742,725281,10257922,10527606,70890,754323,793291,17142489,988547,535882,15372239,245821.0,37460418,4904370,1577656,9707702,16189728,872527,125602,20272562,21270691
2013-06-01,2.33816352941176,1.84073,2.82726058823529,-0.59034,5.62303,6.55129,2.95227,1.58085,3.22342,784494,9838449,9797574,49362,1003139,722197,18508549,1258495,711349,16202877,335828.0,37366213,4968141,1606528,9601421,16176090,865492,124118,20200513,21190123
2013-07-01,2.63371941176471,2.34298352941176,3.02202,-0.63756,5.5711,6.50078,2.9246,1.55914,3.183612,1054806,10304425,11286799,61948,1072589,833204,19956489,1465737,749827,17405860,335066.0,39171508,5271316,1784949,10373255,17429520,844602,122848,20774538,21741988
2013-08-01,2.79438411764706,2.33896941176471,3.24278117647059,-0.61072,5.54085,6.4944,2.91505,1.54681,3.177278,1003182,10444530,12209095,73225,1137064,757276,19776610,1482190,766828,17199301,328292.0,40647057,6189736,1840371,11539402,19569509,1128766,115840,19832941,21077547
2013-09-01,2.22258470588235,1.67438176470588,2.68215058823529,-0.52858,5.60139,6.56427,2.97832,1.58977,3.241034,664110,7905788,11701313,52400,853737,836669,16957400,668826,644422,15581638,62514.0,38781510,5561633,1694543,10384218,17640394,1110004,113771,19917340,21141115
2013-10-01,1.65335764705882,1.07106235294118,2.30373,-0.20865,5.65458,6.60544,3.05016,1.63472,3.34725,650375,10160766,11752860,51843,1229800,1000512,16555084,1254564,561899,14547274,191347.0,36964747,4816213,1512084,9099773,15428070,863817,123631,20549229,21536677
2013-11-01,0.777123529411765,0.214966470588235,1.58498764705882,0.38766,5.75668,6.66063,3.1853,1.732,3.544454,553340,11228861,11726787,35759,1471757,1114817,16912636,1230725,580141,14812505,289265.0,38533486,5098560,1680322,9933619,16712501,1236249,134949,20449788,21820986
2013-12-01,0.185540588235294,-0.262980588235294,0.788355882352941,0.71095,5.84396,6.70677,3.28271,1.82449,3.673776,525375,12686898,11923751,64299,1596257,1057408,19500698,1105260,672515,17474982,247940.0,41892174,5313798,2071900,11940280,19325978,1188372,136848,21240974,22566194
2014-01-01,0.116819411764706,-0.460679411764706,0.775634117647059,0.73874,5.85637,6.71521,3.30686,1.84661,3.692758,533713,11061842,13550534,69020,1665172,1082981,19024712,788975,766776,17291402,177558.0,43775187,5678615,2161006,13212367,21051988,1397275,133180,21192744,22723199
2014-02-01,0.320847647058824,-0.232042941176471,1.1459,0.62657,5.83661,6.69956,3.2554,1.80336,3.6443,548998,9953994,12020264,62155,1734087,1108554,16817973,817646,708267,15177246,114814.0,41221994,5675726,2031694,12573503,20280923,1392081,115082,19433907,20941070
2014-03-01,0.858332352941177,0.308692941176471,1.83195411764706,0.28102,5.76901,6.65614,3.1601,1.73327,3.519908,644674,10610682,12706893,64857,1803002,1134127,17732592,1028655,709491,15889167,105279.0,40637619,4956804,1895170,11035392,17887366,1210535,125354,21414364,22750253
2014-04-01,1.43942235294118,0.818284117647059,2.15625,-0.09894,5.70269,6.61621,3.06796,1.65611,3.388806,569537,8607441,13378814,64124,1871917,1159700,15297074,548371,672355,14076349,58260.0,39266561,5162201,1728110,10209944,17100255,1064315,138004,20963987,22166306
2014-05-01,1.94659235294118,1.35313176470588,2.75406117647059,-0.36077,5.65736,6.57336,3.00351,1.61522,3.297736,654939,7843602,13635737,61237,1940832,1185273,16249437,567521,631859,15038815,11241.0,37390795,4848790,1546210,9249073,15644073,906010,132075,20708636,21746721
2014-06-01,2.32521647058824,2.01289117647059,2.88604941176471,-0.56525,5.62875,6.55918,2.96233,1.58769,3.23454,664492,7753801,12615829,39346,2009747,1210846,17676267,593529,749453,16327505,5781.0,37855377,4963802,1608592,9554942,16127336,940110,130390,20657541,21728041
2014-07-01,2.64456352941177,2.31868,3.23678,-0.59332,5.58772,6.52107,2.93311,1.57123,3.203962,721890,9052746,13400450,50722,2078662,1236419,19870813,875509,769813,18163341,62150.0,40010750,5089881,1800994,10348376,17239251,928066,132453,21710980,22771499
2014-08-01,2.53556,2.27115529411765,3.09033823529412,-0.59458,5.59671,6.54743,2.9489,1.57774,3.21524,830672,7274850,14003858,39509,2147577,1261992,19126390,249569,760461,18116361,48025.0,40047644,5691995,1801628,10984554,18478177,1103631,124384,20341451,21569466
2014-09-01,2.27092823529412,1.86236588235294,2.81549470588235,-0.52923,5.61421,6.56782,2.97619,1.59196,3.24419,797912,8752371,12352438,47067,2216492,1287565,16152217,394284,617652,15140281,33900.0,38174482,5213918,1680856,10044700,16939474,1084576,116293,20034139,21235008
2014-10-01,1.64957117647059,1.11085882352941,2.24194176470588,-0.20983,5.66587,6.61129,3.0574,1.63629,3.352204,690368,9110062,13015765,49746,2285407,1313138,16440325,199530,582605,15658190,19775.0,37828850,4810050,1558647,9276718,15645415,913022,135148,21135265,22183435
2014-11-01,1.00946647058824,0.496045882352941,1.55134647058824,0.21732,5.72575,6.64898,3.1518,1.70068,3.488906,573970,9559193,12041536,51595,2354322,1338711,17254163,267114,767371,16214027,5650.0,38743663,5160676,1689121,10014815,16864612,1348320,141184,20389547,21879051
2014-12-01,-0.0340735294117647,-0.51036,0.59402705882353,0.81363,5.88241,6.73195,3.33173,1.86103,3.72415,588381,12130881,13684392,56432,2423237,1364284,19530009,507755,769956,18166648,85650.0,42638778,5422853,2167226,12125132,19715211,1268514,147381,21507671,22923566
2015-01-01,0.103346470588235,-0.427835882352941,0.711345294117647,0.74204,5.85909,6.71923,3.3063,1.85095,3.695522,547297,10157844,14219729,51511,2492152,1389857,19981160,565283,747773,18595501,72603.0,44330921,5750706,2188440,13380101,21319247,1415014,134871,21461790,23011674
2015-02-01,0.263543529411765,-0.488730588235294,0.835872352941176,0.65872,5.84316,6.70377,3.27085,1.82524,3.660348,491051,8389732,12085324,47119,2080104,1222329,17655058,611868,650190,16346181,46819.0,41745315,5747780,2057487,12733126,20538393,1409754,116543,19680624,21206921
2015-03-01,0.767835882352941,0.0978447058823529,1.63254176470588,0.3682,5.77645,6.6621,3.18031,1.74722,3.546856,525057,9495291,13053018,72461,1911254,1462182,19147935,1490624,703659,16953652,23446.5,41153521,5019732,1919230,11175488,18114450,1225903,126945,21686223,23039072
2015-04-01,1.42053882352941,0.978118823529412,2.31018411764706,-0.05535,5.71125,6.62723,3.08077,1.66099,3.404978,429649,8014525,13015704,56829,1575627,1383634,17006886,782872,597629,15626311,74.0,39765058,5227736,1750049,10339561,17317346,1077827,139756,21230129,22447712
2015-05-01,2.01028647058824,1.44688470588235,2.81603764705882,-0.36658,5.65572,6.57113,3.00151,1.61265,3.294886,458427,7696793,12591490,65980,1467888,1470631,17006381,410329,644195,15950787,1070.0,37865478,4910346,1565839,9366492,15842678,917512,133752,20971536,22022800
2015-06-01,2.38737588235294,1.92098588235294,2.99693941176471,-0.54316,5.63285,6.56297,2.95788,1.58996,3.2401,359879,7809964,13516245,45227,1404024,1425380,16999332,250789,716365,16032178,1261.2,38335958,5026818,1629013,9676244,16332076,952045,132045,20919792,22003883
2015-07-01,2.65172941176471,2.25324470588235,3.25373235294118,-0.57746,5.59822,6.54073,2.93792,1.57036,3.213954,696354,7283141,15836561,45183,1207524,1476371,18729746,198876,631894,17898976,1452.4,40518694,5154498,1823858,10479751,17458107,939848,134135,21986605,23060588
2015-08-01,2.75803705882353,2.36198705882353,3.36836647058824,-0.57514,5.56985,6.53114,2.92795,1.5656,3.20388,664845,9134407,13282426,51643,1472607,1527339,19557872,389283,666210,18502378,1643.6,40556057,5764256,1824500,11124005,18712761,1117642,125963,20599690,21843295
2015-09-01,2.30564470588235,1.89200588235294,2.81176470588235,-0.52057,5.6211,6.5823,2.97531,1.59371,3.25037,509992,7978850,12789518,46953,1470307,1524743,16636681,367100,560390,15709191,1834.8,38659114,5280110,1702195,10172219,17154524,1098345,117769,20288476,21504591
2015-10-01,1.69789470588235,0.865586470588235,2.19521882352941,-0.19649,5.66359,6.61414,3.0506,1.63213,3.352794,410407,9221264,14364628,41453,1799171,1616812,15884413,549966,430775,14901645,2026.0,38309095,4871115,1578434,9394488,15844037,924613,136864,21403581,22465058
2015-11-01,1.11157117647059,0.355080588235294,1.60484941176471,0.20308,5.71667,6.6458,3.12772,1.68731,3.476116,331042,8035510,14807909,57958,2276498,1331201,17490555,1605408,468437,15404103,12606.0,39235521,5226192,1710565,10141955,17078711,1365437,142976,20648396,22156810
2015-12-01,0.405182352941177,-0.189530588235294,0.96568,0.63086,5.79839,6.69664,3.24838,1.77939,3.630732,372039,7381063,15199864,60847,2861556,1487470,20282155,1599608,620752,17974521,87274.0,43180085,5491697,2194739,12279063,19965499,1284618,149252,21780715,23214585
2016-01-01,-0.0853988235294117,-0.91799,0.689118235294117,0.79128,5.89633,6.7527,3.33175,1.86966,3.728344,612663,9229374,15442312,53924,3119038,1462688,20168366,1654327,726618,17692212,95209.0,44243828,5695491,2195437,13328333,21219260,1518885,149090,21356593,23024568
2016-02-01,0.23147,-0.277428823529412,1.18925882352941,0.68015,5.84531,6.71359,3.28037,1.82529,3.668942,393488,7560544,14164523,50332,2872724,1493391,17809933,1479587,665367,15583167,81812.0,43485609,5784388,2176577,13555546,21516510,1629589,140093,20199417,21969099
2016-03-01,0.845150588235294,0.042394705882353,1.65414647058824,0.32703,5.76834,6.66307,3.17552,1.73723,3.534238,394633,7824229,14602370,61103,2921100,1566148,18384430,1671052,754717,15917455,41206.0,41661050,5006493,2012163,11638871,18657527,1393118,155420,21454986,23003523
2016-04-01,1.55389,1.14988823529412,2.42416941176471,-0.10925,5.69593,6.6196,3.05994,1.64413,3.38207,465714,5105549,15332232,39436,2552247,1613978,16034482,1219227,608532,14206723,33031.5,39950426,5237921,1827624,10763340,17828885,1255568,153668,20712304,22121540
2016-05-01,2.09988058823529,1.54469058823529,2.83545470588235,-0.38991,5.65015,6.58413,2.99793,1.60947,3.290354,634039,5902192,13999369,36210,2499107,1646381,17317173,916228,707050,15693895,24857.0,37926853,4844116,1572572,9688686,16105374,1029368,150546,20641566,21821480
2016-06-01,2.49255294117647,2.01414294117647,3.03597764705882,-0.54683,5.62268,6.55955,2.95486,1.58702,3.235456,517207,7355034,12972156,43310,2365536,1402371,17889400,770046,642000,16477354,16682.5,38836037,4920255,1697457,10126348,16744060,1125783,251250,20714943,22091976
2016-07-01,2.82773,2.48389411764706,3.39828117647059,-0.55395,5.57923,6.52726,2.92654,1.55943,3.207702,904787,8815882,13564652,59852,2270906,1565023,19899986,1154595,731206,18005676,8508.0,42297300,5615444,1984627,11566430,19166501,1097606,112973,21920223,23130802
2016-08-01,3.00005588235294,2.28415647058824,3.47703411764706,-0.48509,5.54161,6.51169,2.91407,1.55103,3.206662,694304,9169252,14651202,53494,2444988,1793549,20308239,785983,735473,18749879,36904.0,44397302,6826237,2037755,12614774,21478766,1299542,111249,21507745,22918536
2016-09-01,2.4564,1.97934647058823,2.98368117647059,-0.53686,5.61066,6.57327,2.9672,1.58689,3.240232,625519,7688983,12681959,41747,2409399,1487903,16898144,470893,502777,15924473,30594.3333333333,41443306,5545471,1851562,11192273,18589306,1207212,119797,21526993,22854002
2016-10-01,1.79947235294118,1.06888235294118,2.45347941176471,-0.23759,5.65725,6.6093,3.0454,1.6289,3.340652,471775,8876180,11657348,47309,2647376,1586830,17361383,892470,453949,16014964,24284.6666666667,37559673,4888823,1588126,9760227,16237176,1009907,105580,20207010,21322497
2016-11-01,0.907872941176471,0.230951176470588,1.60642235294118,0.32544,5.74062,6.66195,3.17856,1.71517,3.524348,438710,10399630,10311719,48499,3109183,1620515,18519917,752568,576788,17172586,17975.0,40422373,5190454,1803415,10567438,17561308,1559377,129066,21172623,22861065
2016-12-01,0.365283529411765,-0.201102352941176,1.14071764705882,0.6354,5.80989,6.70174,3.25886,1.79233,3.639644,480746,8995421,12615263,37980,3325540,1696883,22032025,1287795,656203,20001099,86927.0,44815144,5559529,2359439,13177597,21096564,1518164,130687,22069730,23718580
2017-01-01,0.0366141176470588,-0.601398235294118,0.842334117647059,0.74541,5.87454,6.73643,3.31561,1.84812,3.704022,537783,8858031,13104438,33212,3333007,1890748,21744269,939839,636666,20073852,93912.0,45196953,5818186,2242732,13615459,21676377,1551606,152302,21816668,23520576
2017-02-01,0.201484117647059,-0.334280588235294,1.08550941176471,0.70441,5.84467,6.71232,3.28492,1.82859,3.674982,508101,8197338,12373488,28592,3178849,1767135,19398883,867864,590463,17856992,83564.0,44422400,5908998,2223466,13847567,21980031,1664694,143111,20634564,22442369
2017-03-01,0.767467647058824,0.159914117647059,1.49390411764706,0.36854,5.77865,6.66797,3.18428,1.74743,3.549374,501101,8528033,13174746,44773,3176568,1998202,19588674,173914,465244,18906809,42707.0,42558535,5114346,2055510,11889602,19059458,1423129,158768,21917181,23499078
2017-04-01,1.58600764705882,0.937864705882353,2.47112764705882,-0.10485,5.69836,6.61485,3.06464,1.64998,3.384596,511134,6366272,13301538,49775,2563307,2047508,17170248,191346,462381,16516521,45970.3529411765,40811060,5350759,1866996,10995210,18212965,1282616,156978,21158500,22598094
2017-05-01,2.14887647058824,1.59335117647059,2.96102823529412,-0.39431,5.65362,6.57702,2.99983,1.60923,3.289078,606427,6404771,13670032,61880,2126254,2118033,17827229,144951,405831,17276448,49233.7058823529,38743894,4948471,1606449,9897405,16452325,1051543,153789,21086238,22291570
2017-06-01,2.51330411764706,1.98309941176471,3.22201882352941,-0.50857,5.63006,6.55731,2.95981,1.58558,3.244838,564025,8344309,12493858,30616,2663255,1967847,17360956,294694,256351,16809912,52497.0588235294,39672664,5026250,1734025,10344495,17104770,1150035,256663,21161196,22567894
2017-07-01,3.00308882352941,2.69426,3.59297176470588,-0.54808,5.57173,6.51141,2.92175,1.55301,3.201964,639024,10066993,12223246,51168,2887708,1867669,21907535,556319,274802,21076414,55760.4117647059,43208492,5736415,2027381,11815600,19579396,1121251,115407,22392440,23629098
2017-08-01,2.91835764705882,2.32215941176471,3.55605647058824,-0.52365,5.55582,6.52769,2.93259,1.55854,3.210198,968270,8565189,11914437,57291,2812000,2166269,22461810,333320,369087,21759403,59023.7647058824,45353733,6973292,2081653,12886528,21941473,1327537,113646,21971077,23412260
2017-09-01,2.43024882352941,1.72589529411765,2.89192823529412,-0.49747,5.61536,6.57522,2.98155,1.59132,3.253196,673611,6460298,12332852,24900,2324408,2150780,20216018,237250,215171,19763596,62287.1176470588,42336101,5664935,1891449,11433383,18989767,1233218,122378,21990739,23346335
2017-10-01,1.82313529411765,0.98342,2.51924411764706,-0.24563,5.66361,6.61235,3.04997,1.63171,3.342402,566843,6170071,12108787,44343,2712593,1949959,18814964,159972,280495,18374496,65550.4705882353,38368804,4994141,1622338,9970487,16586966,1031663,107854,20642321,21781838
2017-11-01,0.823657647058824,0.147497058823529,1.71264294117647,0.38453,5.74908,6.66988,3.19157,1.72613,3.544238,451346,9743249,11291469,39737,3794708,2066665,18633475,320982,221807,18090686,68813.8235294118,41293174,5302270,1842265,10795088,17939623,1592970,131846,21628735,23353551
2017-12-01,0.0183764705882352,-0.594339411764706,0.751770588235294,0.75892,5.88406,6.73992,3.31422,1.8473,3.708884,467508,11914436,10437833,47059,4621808,2154548,22207479,1004318,248312,20954849,72077.1764705882,45780576,5679295,2410267,13461476,21551038,1550869,133502,22545168,24229539
2018-01-01,-0.216484705882353,-1.06608411764706,0.576274705882353,0.79777,5.92746,6.76687,3.35555,1.89772,3.749074,483828,12108475,9825819,50504,4720864,2217656,23884063,1242528,138529,22503006,75340.5294117647,48361740,6136060,2512533,15245188,23893781,1734393,124326,22609240,24467959
2018-02-01,0.0181594117647058,-0.814791764705882,0.861720588235294,0.7357,5.88478,6.7403,3.31436,1.8584,3.706708,439931,9923192,8791258,46824,4008991,2010480,21162663,728850,124209,20309604,78603.8823529412,46749816,6221352,2459523,15366249,24047124,1839290,113269,20750133,22702692
2018-03-01,0.99836294117647,0.198338823529412,1.97017235294118,0.25199,5.76829,6.66175,3.15423,1.71484,3.51022,463175,11236716,9243306,39894,3852420,2286051,20065042,778897,91053,19195092,81867.2352941177,42936450,5325911,2087112,12468301,19881324,1477822,121598,21455706,23055126
2018-04-01,1.58077882352941,0.738973529411765,2.51491764705882,-0.05065,5.7041,6.61865,3.0749,1.6514,3.39968,498525,10297755,9422492,42687,3795545,2387953,16666255,179362,125856,16361037,85130.5882352941,42032551,5452621,1870357,11462486,18785464,1299131,125971,21821985,23247087
2018-05-01,2.11597,1.44894352941176,2.86910235294118,-0.34269,5.66615,6.58981,3.00429,1.61187,3.305886,791285,9351017,11368423,53744,3589020,2130789,16966968,273735,136674,16556560,88393.9411764706,40530519,5108532,1697216,10641683,17447431,1082535,123668,21876885,23083088
2018-06-01,2.62932470588235,2.14292470588235,3.43462470588235,-0.51157,5.62737,6.55545,2.95589,1.58249,3.241926,732141,9610426,11303421,55790,3442412,2123395,17165670,247069,203983,16714619,91657.2941176471,41045645,5264769,1797238,11173512,18235519,1156084,123942,21530100,22810126
2018-07-01,3.19131588235294,2.62140705882353,3.81689705882353,-0.45778,5.55607,6.49905,2.91385,1.54696,3.21163,808818,9994119,13052206,55121,3683450,2264756,22123161,577566,391382,21154213,94920.6470588235,44029950,5871826,2040130,12313721,20225677,1169275,121525,22513473,23804273
2018-08-01,3.27152235294118,2.77808823529412,3.96453941176471,-0.4302,5.54231,6.50958,2.90375,1.54551,3.21419,700210,10140520,12752550,45651,3656184,2409005,23501581,635700,411523,22454358,98184.0,49532098,8604195,2252486,14439190,25295871,1667481,117746,22451000,24236227
2018-09-01,2.47696294117647,1.81597529411765,3.02420588235294,-0.47797,5.62216,6.58002,2.98002,1.59643,3.260132,712912,7057598,11074114,38791,2661668,2365382,19566264,180028,341558,19044678,101447.352941176,43729300,6395701,1995910,12244960,20636571,1389197,113432,21590100,23092729
2018-10-01,1.61405823529412,0.960210588235294,2.35803882352941,-0.06619,5.68129,6.62391,3.0836,1.65316,3.395154,508977,8861166,12082871,28678,3632619,2396478,17356289,431253,281785,16643251,104710.705882353,39977730,5125615,1668728,10328707,17123050,1100228,122428,21632024,22854680
2018-11-01,1.04038352941176,0.377932941176471,1.78409294117647,0.2659,5.73001,6.66114,3.16086,1.70641,3.504864,531201,8307334,12158328,34680,4635579,2263633,18008393,189515,236031,17582847,107974.058823529,41905476,5442897,1872158,11203810,18518865,1668735,135572,21582304,23386611
2018-12-01,0.169285294117647,-0.582552352941177,1.13357117647059,0.69498,5.84939,6.72972,3.2983,1.82955,3.680388,599450,9947287,12430474,36089,5354169,2321094,21031937,380745,194458,20456734,111237.411764706,45317885,5737751,2315184,13095218,21148153,1541918,134903,22492911,24169732
2019-01-01,0.090945294117647,-0.489590588235294,0.770012352941176,0.72846,5.86011,6.72639,3.30583,1.84808,3.693774,544397,10371629,12256406,44046,5208249,2534888,21809102,320443,274232,21214427,114500.764705882,48644909,6246092,2490071,15031093,23767256,1801466,131193,22944994,24877653
2019-02-01,0.316497647058824,-0.250701764705882,1.16902764705882,0.61754,5.82241,6.7035,3.26986,1.81516,3.645694,471035,8601014,11033718,41055,4349394,2309810,18017636,111795,241826,17664015,117764.117647059,44353990,6141410,2212197,14063530,22417137,1783153,109407,20044293,21936853
2019-03-01,0.952081764705882,0.301757058823529,1.86909941176471,0.31742,5.75461,6.6566,3.16589,1.72985,3.524874,450895,8624120,14033501,42094,4683527,2830206,16449458,584556,233613,15631289,121027.470588235,43089013,5350982,2043806,12117247,19512035,1489767,123191,21964020,23576978
2019-04-01,1.48579647058824,0.755276470588235,2.51927235294118,-0.0176,5.7176,6.62878,3.08767,1.67183,3.417656,529753,9146314,14149570,47491,3468990,2641080,13887712,302828,195426,13692286,124290.823529412,42440870,5603580,1987117,11742744,19333441,1393877,129241,21584311,23107429
2019-05-01,2.28992882352941,1.55619117647059,3.20162882352941,-0.37652,5.65046,6.5787,3.00053,1.61505,3.293644,539847,8464773,14771049,32679,3022951,3080461,14372617,21100,174555,14176961,127554.176470588,40708218,5213450,1737244,10778169,17728863,1188195,124602,21666558,22979355
2019-06-01,2.62232176470588,2.10435764705882,3.37015764705882,-0.49321,5.63192,6.56352,2.96558,1.59346,3.252254,480573,7425385,13582797,43840,2709566,2661349,16827183,2469,226332,16598382,130817.529411765,40620016,5294324,1802440,11059419,18156183,1225693,121321,21116819,22463833
2019-07-01,3.03783176470588,2.67989764705882,3.69918764705882,-0.51455,5.59512,6.53587,2.93362,1.57147,3.224306,567096,9806471,11677950,51928,3314800,2724744,21554466,54053,274668,21225746,134080.882352941,42966423,5609729,1988444,12080987,19679160,1218032,124549,21944682,23287263
2019-08-01,3.22577647058824,2.71319588235294,3.84394764705882,-0.4793,5.55658,6.51563,2.92089,1.55829,3.214418,600751,10117258,12196916,54145,3484182,3054797,22083648,102997,270457,21710194,137344.235294118,47558698,7587965,2156318,13780269,23524552,1526133,117458,22390555,24034146
2019-09-01,2.69732705882353,2.02532764705882,3.27008176470588,-0.49788,5.60852,6.56712,2.96723,1.58791,3.24658,565558,7889988,10320798,38959,3067914,2418745,20024268,20805,183396,19820067,140607.588235294,43649517,6648797,2041721,12459808,21150326,1479460,111080,20908651,22499191
2019-10-01,2.00270823529412,1.26637058823529,2.74888058823529,-0.24486,5.65838,6.60812,3.0399,1.62994,3.338296,546239,7856549,10599853,86178,3590316,2223097,19128814,119892,136103,18872820,143870.941176471,40623056,5415086,1802605,10932523,18150214,1151917,126561,21194364,22472842
2019-11-01,1.10921294117647,0.42388,1.96886411764706,0.2891,5.72285,6.65438,3.15245,1.69935,3.503626,451366,9723628,10227944,61513,3954941,1953644,18166831,22348,171733,17972750,147134.294117647,41111913,5519641,1866077,11150869,18536587,1593169,134096,20848061,22575326
2019-12-01,0.385750588235294,-0.323443529411765,1.19554764705882,0.625,5.81353,6.70712,3.25789,1.78814,3.638336,499554,12261679,11059168,34984,5203266,2093435,18596693,482019,209885,17904789,150397.647058824,44732114,5824352,2330107,13113867,21268326,1453804,139816,21870168,23463788
2020-01-01,0.38825,-0.205698235294118,1.29540176470588,0.61824,5.82243,6.7024,3.25477,1.79268,3.638104,538526,11711215,11898121,25877,5222994,1977227,17817915,23371,229679,17411203,153661.0,46326914,6260807,2391443,14279401,22931651,1656826,127894,21610543,23395263
2020-02-01,0.488258235294118,-0.423658235294118,1.36892470588235,0.54242,5.81369,6.69587,3.24052,1.78708,3.615916,528194,10292552,12690402,23374,4486971,2271928,15531694,10102,214361,15263871,43360.0,44498866,6272697,2188730,13711796,22173223,1644481,122954,20558208,22325643
2020-03-01,1.02836058823529,0.291699411764706,2.02155,0.26552,5.75646,6.65685,3.15514,1.72357,3.511508,533795,10163447,14463259,25248,4431206,2910051,12982284,35125,103669,12843489,32964.6666666667,42870787,5873037,1934168,12057683,19864888,1463458,127250,21415191,23005899
2020-04-01,1.39932,0.793752352941177,2.46246,0.05547,5.72578,6.63467,3.10637,1.68798,3.442054,511077,6812115,13688789,29962,3428726,3071885,14102437,64966,129360,13908111,22569.3333333333,40475291,5928230,1707567,11084023,18719820,1355768,131670,20268033,21755471
2020-05-01,2.22797117647059,1.69354411764706,3.06384882352941,-0.33926,5.66548,6.58986,3.00751,1.61595,3.307908,562305,5729510,15257951,25961,2861903,2610678,13901687,4681,203416,13681416,12174.0,38327716,5564985,1611359,10477399,17653743,1218310,119051,19336612,20673973
2020-06-01,2.87147352941176,2.33205470588235,3.64234,-0.49172,5.61675,6.54701,2.9506,1.58258,3.241044,512666,7494786,14069176,36005,2740991,2405765,15782619,43459,266268,15500385,15966.0,39752892,5758492,1782625,11238539,18779656,1255708,121045,19596483,20973236
2020-07-01,2.87318529411765,2.54526823529412,3.54486470588235,-0.5232,5.62103,6.56242,2.95481,1.58464,3.23994,612324,8179533,13720945,27539,3167564,2156031,18113457,82237,274849,17827131,11477.0,42067819,5986731,1961211,11960078,19908020,1199920,122121,20837758,22159799
2020-08-01,3.34173235294118,3.07223823529412,3.94941470588235,-0.52038,5.55479,6.50341,2.91789,1.55535,3.202212,1074388,10603489,12526259,39266,3479530,2697249,19959998,121015,155300,19568516,115167.0,44599216,7171231,2112628,12968200,22252059,1432700,110871,20803586,22347157
2020-09-01,2.62388764705882,2.04071235294118,3.31703352941176,-0.48046,5.62159,6.57738,2.98076,1.59811,3.259476,880238,9780155,9292564,40082,3049505,2718018,18228194,515236,17746,17653756,41455.0,45110794,7643034,1993412,12489373,22125819,1535383,124192,21325400,22984975
2020-10-01,1.84450529411765,1.09263,2.55431058823529,-0.14824,5.67245,6.61732,3.06704,1.64228,3.37017,473979,9393692,13468311,36319,3030188,2896983,13625540,109619,10420,13494382,11118.0,39065310,5598894,1688593,10438455,17725942,1164339,121749,20053280,21339368
2020-11-01,1.14911941176471,0.389722352941176,2.11449294117647,0.23138,5.73286,6.65465,3.1524,1.70088,3.494434,424738,9343792,14048115,43054,4412968,2612808,13868808,245122,258801,13364885,96683.0,41147027,5821666,1909100,10989999,18720765,1580276,156931,20689055,22426262
2020-12-01,0.150617647058824,-0.71933,0.909789411764706,0.67354,5.86844,6.73079,3.29658,1.83258,3.680386,496020,12254957,15059831,51986,5254718,2727885,15511381,374707,230340,14724087,182248.0,45027083,6193771,2342069,12749047,21284887,1529490,166372,22046334,23742196
