"시점",한전 자회사,한전 자회사,한전 자회사,한전 자회사,한전 자회사,한전 자회사,한전 자회사,한전 자회사,한전 자회사,한전 자회사,한전 자회사,한전 자회사,한전 자회사,한전 자회사,한전 자회사,한전 자회사,타사,타사,타사,타사,타사,타사,타사,타사,타사,사업자,사업자,사업자,사업자,사업자,사업자,사업자,사업자,사업자,사업자,사업자,사업자,사업자,사업자,사업자,사업자,사업자,사업자,상용자가,상용자가,상용자가,총 발전량,총 발전량,총 발전량,총 발전량,총 발전량,총 발전량,총 발전량,총 발전량
"시점",소계,수력,수력,수력,기력,기력,기력,기력,기력,복합화력,복합화력,복합화력,집단,내연력,대체,원자력,소계,수력,수력,수력,기력(중유),복합화력,복합화력,복합화력,집단&대체,소계,수력,수력,수력,수력,기력,기력,기력,기력,기력,복합화력,복합화력,복합화력,내연력,원자력,집단,대체,집단&대체,소계,한전구입,자가 소비,소계,수력,기력,내연력,원자력,복합화력,사업자+한전구입,사업자+상용자가
"시점",소계,소계,일반,양수,소계,무연탄,유연탄,중유,LNG,소계,일반,열공급,소계,소계,소계,소계,소계,소계,일반,소수력,소계,소계,일반,열공급,소계,소계,소계,일반,양수,소수력,소계,무연탄,유연탄,중유,LNG,소계,일반,열공급,소계,소계,소계,소계,소계,소계,소계,소계,소계,소계,소계,소계,소계,소계,소계,소계
"1996.01",16379503,275441,-,-,8060220,-,-,-,-,2056170,-,-,-,72696,-,5914976,499912,87850,-,-,348759,63303,-,-,-,-,-,-,-,-,-,-,-,-,-,-,-,-,-,-,-,-,-,-,-,-,16879415,363291,8408979,72696,5914976,2119473,-,-
"1996.02",14946085,273885,-,-,7295448,-,-,-,-,1814917,-,-,-,64679,-,5497157,440804,82495,-,-,297637,60672,-,-,-,-,-,-,-,-,-,-,-,-,-,-,-,-,-,-,-,-,-,-,-,-,15386890,356379,7593086,64679,5497157,1875589,-,-
"1996.03",16361713,287330,-,-,7941015,-,-,-,-,1873066,-,-,-,64834,-,6195468,492238,75650,-,-,365926,50662,-,-,-,-,-,-,-,-,-,-,-,-,-,-,-,-,-,-,-,-,-,-,-,-,16853951,362980,8306941,64834,6195468,1923728,-,-
"1996.04",15612722,276682,-,-,7936402,-,-,-,-,1699358,-,-,-,62517,-,5637764,501499,90733,-,-,362949,47816,-,-,-,-,-,-,-,-,-,-,-,-,-,-,-,-,-,-,-,-,-,-,-,-,16114221,367415,8299351,62517,5637764,1747174,-,-
"1996.05",16057404,327237,-,-,7819184,-,-,-,-,2049991,-,-,-,60807,-,5800186,493232,113425,-,-,336843,42964,-,-,-,-,-,-,-,-,-,-,-,-,-,-,-,-,-,-,-,-,-,-,-,-,16550637,440662,8156027,60807,5800186,2092955,-,-
"1996.06",16059728,370382,-,-,7298169,-,-,-,-,1817277,-,-,-,58841,-,6515060,615145,206456,-,-,325518,83172,-,-,-,-,-,-,-,-,-,-,-,-,-,-,-,-,-,-,-,-,-,-,-,-,16674873,576838,7623686,58841,6515060,1900449,-,-
"1996.07",17657771,477910,-,-,7691843,-,-,-,-,2155786,-,-,-,66550,-,7265681,690830,210062,-,-,375160,105608,-,-,-,-,-,-,-,-,-,-,-,-,-,-,-,-,-,-,-,-,-,-,-,-,18348601,687972,8067004,66550,7265681,2261394,-,-
"1996.08",18147327,444881,-,-,8708273,-,-,-,-,2285110,-,-,-,73492,-,6635571,661745,163491,-,-,359951,138303,-,-,-,-,-,-,-,-,-,-,-,-,-,-,-,-,-,-,-,-,-,-,-,-,18809072,608372,9068224,73492,6635571,2423413,-,-
"1996.09",16000820,302732,-,-,7214316,-,-,-,-,2094861,-,-,-,57056,-,6331855,500349,75909,-,-,306270,118170,-,-,-,-,-,-,-,-,-,-,-,-,-,-,-,-,-,-,-,-,-,-,-,-,16501169,378641,7520586,57056,6331855,2213031,-,-
"1996.10",16927339,266687,-,-,7945638,-,-,-,-,2828172,-,-,-,70313,-,5816529,562089,76847,-,-,342722,142520,-,-,-,-,-,-,-,-,-,-,-,-,-,-,-,-,-,-,-,-,-,-,-,-,17489427,343534,8288360,70313,5816529,2970692,-,-
"1996.11",16928760,257408,-,-,8100307,-,-,-,-,2596883,-,-,-,57790,-,5916371,548906,67458,-,-,357761,123687,-,-,-,-,-,-,-,-,-,-,-,-,-,-,-,-,-,-,-,-,-,-,-,-,17477666,324866,8458068,57790,5916371,2720570,-,-
"1996.12",17814143,313778,-,-,8500986,-,-,-,-,2539386,-,-,-,62271,-,6397722,593489,76596,-,-,362220,154673,-,-,-,-,-,-,-,-,-,-,-,-,-,-,-,-,-,-,-,-,-,-,-,-,18407631,390373,8863206,62271,6397722,2694059,-,-
"1997.01",17756713,307737,-,-,8474212,-,-,-,-,2820603,-,-,-,69361,-,6084799,704726,72241,-,-,366807,265678,-,-,-,-,-,-,-,-,-,-,-,-,-,-,-,-,-,-,-,-,-,-,-,-,18461439,379979,8841019,69361,6084799,3086281,-,-
"1997.02",15497371,240769,-,-,7702846,-,-,-,-,2477715,-,-,-,56702,-,5019339,730916,64023,-,-,334948,331944,-,-,-,-,-,-,-,-,-,-,-,-,-,-,-,-,-,-,-,-,-,-,-,-,16228287,304792,8037794,56702,5019339,2809659,-,-
"1997.03",17694014,243629,-,-,9513981,-,-,-,-,3093618,-,-,-,62804,-,4779982,708846,46053,-,-,311400,351394,-,-,-,-,-,-,-,-,-,-,-,-,-,-,-,-,-,-,-,-,-,-,-,-,18402861,289682,9825381,62804,4779982,3445012,-,-
"1997.04",17043668,266198,-,-,8159875,-,-,-,-,2828997,-,-,-,66599,-,5721999,698484,53001,-,-,256346,389137,-,-,-,-,-,-,-,-,-,-,-,-,-,-,-,-,-,-,-,-,-,-,-,-,17742152,319199,8416221,66599,5721999,3218134,-,-
"1997.05",17460288,349893,-,-,8773179,-,-,-,-,2407760,-,-,-,59108,-,5870348,686443,93194,-,-,222850,370399,-,-,-,-,-,-,-,-,-,-,-,-,-,-,-,-,-,-,-,-,-,-,-,-,18146730,443087,8996029,59108,5870348,2778159,-,-
"1997.06",17919936,417444,-,-,7976376,-,-,-,-,2408626,-,-,-,54649,-,7062841,712279,224054,-,-,204913,283313,-,-,-,-,-,-,-,-,-,-,-,-,-,-,-,-,-,-,-,-,-,-,-,-,18632215,641498,8181289,54649,7062841,2691939,-,-
"1997.07",19365024,401012,-,-,8606145,-,-,-,-,2499798,-,-,-,62068,-,7796002,1039620,406793,-,-,263983,368843,-,-,-,-,-,-,-,-,-,-,-,-,-,-,-,-,-,-,-,-,-,-,-,-,20404644,807805,8870128,62068,7796002,2868641,-,-
"1997.08",19615842,383843,-,-,8928200,-,-,-,-,2407090,-,-,-,67988,-,7828720,973897,232825,-,-,246601,494470,-,-,-,-,-,-,-,-,-,-,-,-,-,-,-,-,-,-,-,-,-,-,-,-,20589738,616668,9174802,67988,7828720,2901560,-,-
"1997.09",17631684,293454,-,-,8325673,-,-,-,-,1831091,-,-,-,51786,-,7129680,700157,111324,-,-,136613,452221,-,-,-,-,-,-,-,-,-,-,-,-,-,-,-,-,-,-,-,-,-,-,-,-,18331841,404777,8462285,51786,7129680,2283312,-,-
"1997.10",18412911,233561,-,-,9508714,-,-,-,-,2562993,-,-,-,53632,-,6054010,824024,96038,-,-,216011,511975,-,-,-,-,-,-,-,-,-,-,-,-,-,-,-,-,-,-,-,-,-,-,-,-,19236935,329600,9724725,53632,6054010,3074968,-,-
"1997.11",18127511,272660,-,-,9279367,-,-,-,-,2347140,-,-,-,54457,-,6173887,797604,82527,-,-,281778,433298,-,-,-,-,-,-,-,-,-,-,-,-,-,-,-,-,-,-,-,-,-,-,-,-,18925115,355187,9561146,54457,6173887,2780438,-,-
"1997.12",18420486,347295,-,-,8395025,-,-,-,-,2055253,-,-,-,58870,-,7564042,922156,163955,-,-,327447,430755,-,-,-,-,-,-,-,-,-,-,-,-,-,-,-,-,-,-,-,-,-,-,-,-,19342642,511250,8722472,58870,7564042,2486008,-,-
"1998.01",16796182,304607,52960,251647,7300480,449786,5478528,1138275,233891,1732343,646484,1085859,-,48913,-,7409840,450335,82251,79394,2857,-,368084,-,-,-,17246517,386858,132354,251647,2857,7300480,449786,5478528,1138275,233891,2100427,1014568,1085859,48913,7409840,-,-,-,...,269073,...,-,-,-,-,-,-,17515590,...
"1998.02",15877536,293682,61630,232052,8345810,292365,6127088,1754064,172293,1466689,592015,874674,-,47022,-,5724333,412985,83316,78740,4576,-,329669,-,-,-,16290521,376998,140370,232052,4576,8345810,292365,6127088,1754064,172293,1796358,921684,874674,47022,5724333,-,-,-,...,212223,...,-,-,-,-,-,-,16502744,...
"1998.03",17171266,341783,108886,232897,8551680,412555,6551537,1515938,71650,1423941,615647,808294,-,65115,-,6788747,449414,118018,111506,6512,-,331396,-,-,-,17620680,459801,220392,232897,6512,8551680,412555,6551537,1515938,71650,1755337,947043,808294,65115,6788747,-,-,-,...,226716,...,-,-,-,-,-,-,17847396,...
"1998.04",16520972,392304,196373,195931,7523118,459883,6088770,951292,23173,1119739,645456,474283,-,54126,-,7431684,442811,193671,184612,9059,-,249140,-,-,-,16963783,585975,380985,195931,9059,7523118,459883,6088770,951292,23173,1368879,894596,474283,54126,7431684,-,-,-,...,205829,...,-,-,-,-,-,-,17169612,...
"1998.05",16858164,434120,253541,180579,8195673,591326,6568393,1026622,9332,1422667,1045001,377666,-,58022,-,6747681,546708,256615,248728,7887,-,290093,-,-,-,17404872,690735,502269,180579,7887,8195673,591326,6568393,1026622,9332,1712760,1335094,377666,58022,6747681,-,-,-,...,175480,...,-,-,-,-,-,-,17580352,...
"1998.06",17101475,372834,173483,199351,7357013,534954,6030844,745888,45327,2149512,1678311,471201,-,47674,-,7174442,354979,195178,188064,7114,-,159801,-,-,-,17456454,568012,361547,199351,7114,7357013,534954,6030844,745888,45327,2309313,1838112,471201,47674,7174442,-,-,-,...,147831,...,-,-,-,-,-,-,17604285,...
"1998.07",17892872,370103,283082,87021,6643359,550869,5389683,481114,221693,2780198,1997875,782323,-,54986,-,8044226,519420,336188,323699,12489,-,183232,-,-,-,18412292,706291,606781,87021,12489,6643359,550869,5389683,481114,221693,2963430,2181107,782323,54986,8044226,-,-,-,...,318779,...,-,-,-,-,-,-,18731071,...
"1998.08",17579327,329680,290419,39261,6306832,593782,5105821,441600,165629,2594908,1743900,851008,-,54248,-,8293659,728163,534943,523507,11436,-,193220,-,-,-,18307490,864623,813926,39261,11436,6306832,593782,5105821,441600,165629,2788128,1937120,851008,54248,8293659,-,-,-,...,356721,...,-,-,-,-,-,-,18664211,...
"1998.09",17895159,217756,150845,66911,7687864,596874,6254278,643295,193417,2489696,1891583,598113,-,38233,-,7461610,341629,188228,178404,9824,-,153401,-,-,-,18236788,405984,329249,66911,9824,7687864,596874,6254278,643295,193417,2643097,2044984,598113,38233,7461610,-,-,-,...,289198,...,-,-,-,-,-,-,18525986,...
"1998.10",16830715,171663,105636,66027,6012622,537139,5261101,115415,98967,2183100,1575917,607183,-,34705,-,8428625,360202,229979,220592,9387,-,130223,-,-,-,17190917,401642,326228,66027,9387,6012622,537139,5261101,115415,98967,2313323,1706140,607183,34705,8428625,-,-,-,...,346735,...,-,-,-,-,-,-,17537652,...
"1998.11",17585916,163381,83476,79905,7196426,746772,5998801,354498,96355,2310279,2310279,-,-,31568,-,7884261,249384,140326,134539,5787,-,109058,-,-,-,17835300,303707,218015,79905,5787,7196426,746772,5998801,354498,96355,2419337,2419337,-,31568,7884261,-,-,-,...,383593,...,-,-,-,-,-,-,18218893,...
"1998.12",18701438,233255,45219,188036,7920701,743863,6297313,774627,104898,2206939,1131245,1075694,-,40679,-,8299864,242871,115152,109254,5898,-,127719,-,-,-,18944309,348407,154473,188036,5898,7920701,743863,6297313,774627,104898,2334658,1258964,1075694,40679,8299864,-,-,-,...,458317,...,-,-,-,-,-,-,19402626,...
"1999.01",18241905,181607,52112,129495,7777823,478689,6788155,400089,110890,2547429,1330277,1217152,-,24576,-,7710470,349465,128098,124967,3131,-,221367,-,-,-,18591370,309705,177079,129495,3131,7777823,478689,6788155,400089,110890,2768796,1551644,1217152,24576,7710470,-,-,-,...,418999,...,-,-,-,-,-,-,19010369,...
"1999.02",16311294,261415,47421,213994,6869754,445518,5547419,779077,97740,1743156,750023,993133,-,22062,-,7414906,213636,113709,112134,1575,-,99927,-,-,-,16524930,375125,159555,213994,1575,6869754,445518,5547419,779077,97740,1843083,849950,993133,22062,7414906,-,-,-,...,399587,...,-,-,-,-,-,-,16924517,...
"1999.03",18788681,323533,72512,251021,8632955,482965,6600003,1454902,95085,1759123,821419,937704,-,24560,-,8048510,253149,125741,120558,5183,-,127408,-,-,-,19041830,449274,193070,251021,5183,8632955,482965,6600003,1454902,95085,1886531,948827,937704,24560,8048510,-,-,-,...,394278,...,-,-,-,-,-,-,19436108,...
"1999.04",18049138,387150,154137,233013,8365721,547844,6296031,1455233,66613,1712178,1045571,666607,-,29240,-,7554850,271827,161567,150516,11050,-,110260,-,-,-,18320965,548717,304653,233013,11050,8365721,547844,6296031,1455233,66613,1822438,1155831,666607,29240,7554850,-,-,-,...,380396,...,-,-,-,-,-,-,18701360,...
"1999.05",18390832,299380,173587,125793,7975599,653150,5949446,1301901,71102,1431537,1044541,386996,-,32491,-,8651824,333071,222624,212969,9656,-,110447,-,-,-,18723904,522005,386556,125793,9656,7975599,653150,5949446,1301901,71102,1541984,1154988,386996,32491,8651824,-,-,-,...,269110,...,-,-,-,-,-,-,18993013,...
"1999.06",19079072,289025,167223,121802,8411930,537680,6368711,1385949,119590,2073158,1619891,453267,-,33603,-,8271355,383207,228706,220883,7823,-,154501,-,-,-,19462279,517731,388106,121802,7823,8411930,537680,6368711,1385949,119590,2227659,1774392,453267,33603,8271355,-,-,-,...,300587,...,-,-,-,-,-,-,19762866,...
"1999.07",20562776,216674,97244,119430,8625631,573731,6955897,916554,179449,3171695,2216646,955049,-,46804,-,8501971,444429,142205,131968,10236,-,302224,-,-,-,21007205,358879,229213,119430,10236,8625631,573731,6955897,916554,179449,3473919,2518870,955049,46804,8501971,-,-,-,...,448373,...,-,-,-,-,-,-,21455578,...
"1999.08",20370048,427228,295258,131970,7487967,592179,5908325,756670,230793,3001945,2132673,869272,-,48135,-,9404774,653029,407923,398027,9896,-,245106,-,-,-,21023077,835151,693285,131970,9896,7487967,592179,5908325,756670,230793,3247051,2377779,869272,48135,9404774,-,-,-,...,417026,...,-,-,-,-,-,-,21440104,...
"1999.09",19304642,368300,208814,159486,7325797,610092,5901091,682388,132226,2432175,1742579,689596,-,31095,-,9147276,552848,347460,335430,12030,-,205388,-,-,-,19857490,715760,544243,159486,12030,7325797,610092,5901091,682388,132226,2637563,1947967,689596,31095,9147276,-,-,-,...,350943,...,-,-,-,-,-,-,20208433,...
"1999.10",19705921,300803,169164,131639,7981645,490308,7033252,453030,5055,1947300,1294569,652731,-,25852,-,9450322,491489,305570,295932,9637,-,185919,-,-,-,20197410,606373,465096,131639,9637,7981645,490308,7033252,453030,5055,2133219,1480488,652731,25852,9450322,-,-,-,...,410890,...,-,-,-,-,-,-,20608300,...
"1999.11",19921907,207902,104255,103647,7895862,591746,6564342,627230,112544,2384478,1523398,861080,-,30766,-,9402899,267758,165904,158903,7001,-,101854,-,-,-,20189666,373807,263158,103647,7001,7895862,591746,6564342,627230,112544,2486332,1625252,861080,30766,9402899,-,-,-,...,424889,...,-,-,-,-,-,-,20614555,...
"1999.12",21460361,296635,110952,185683,9121863,693564,6993628,1310926,123744,2504727,1277830,1226897,-,32514,-,9504622,258817,157073,153693,3380,-,101744,-,-,-,21719178,453708,264645,185683,3380,9121863,693564,6993628,1310926,123744,2606471,1379574,1226897,32514,9504622,-,-,-,...,450353,...,-,-,-,-,-,-,22169531,...
"2000.01",21353691,289688,114083,175605,9145453,646341,7199463,1164544,135105,2467166,1151569,1315597,-,27796,-,9423588,256348,167195,164135,3060,-,89153,89153,-,-,21610039,456883,278218,175605,3060,9145453,646341,7199463,1164544,135105,2556319,1240722,1315597,27796,9423588,-,-,-,…,488256,…,-,-,-,-,-,-,22098295,…
"2000.02",19646268,262218,111951,150267,8509514,526690,6645991,1196666,140167,2203057,971521,1231536,-,25965,-,8645514,253134,170900,168792,2108,-,82233,82233,-,-,19899402,433118,280743,150267,2108,8509514,526690,6645991,1196666,140167,2285290,1053754,1231536,25965,8645514,-,-,-,…,448208,…,-,-,-,-,-,-,20347610,…
"2000.03",21361162,182826,84870,97956,10083469,622451,7646994,1701549,112475,2094887,1062962,1031925,-,22092,-,8977888,219707,129502,126993,2509,-,90205,90205,-,-,21580869,312328,211863,97956,2509,10083469,622451,7646994,1701549,112475,2185092,1153167,1031925,22092,8977888,-,-,-,…,488453,…,-,-,-,-,-,-,22069322,…
"2000.04",19849531,189039,85882,103157,9538746,426126,7471458,1567344,73818,1771665,1078503,693162,-,23914,-,8326167,194896,117285,113258,4027,-,77612,77612,-,-,20044427,306324,199140,103157,4027,9538746,426126,7471458,1567344,73818,1849277,1156115,693162,23914,8326167,-,-,-,…,399043,…,-,-,-,-,-,-,20443470,…
"2000.05",20894051,235048,92715,142333,10210790,668265,8036502,1456083,49940,1661934,1075235,586699,-,23873,-,8762406,217250,112782,107545,5237,-,104468,104468,-,-,21111301,347830,200260,142333,5237,10210790,668265,8036502,1456083,49940,1766402,1179703,586699,23873,8762406,-,-,-,…,349018,…,-,-,-,-,-,-,21460319,…
"2000.06",21429584,333637,147347,186290,10572343,723631,7878701,1895794,74217,2111370,1574276,537094,-,34135,-,8378099,316434,142023,136857,5166,-,174412,174412,-,-,21746019,475660,284204,186290,5166,10572343,723631,7878701,1895794,74217,2285782,1748688,537094,34135,8378099,-,-,-,…,300157,…,-,-,-,-,-,-,22046175,…
"2000.07",23388997,314258,100035,214223,11259059,721841,8248140,1819401,469677,2500040,1700887,799153,-,25400,-,9290240,432625,187654,179968,7686,-,244971,244971,-,-,23821622,501912,280003,214223,7686,11259059,721841,8248140,1819401,469677,2745011,1945858,799153,25400,9290240,-,-,-,…,407450,…,-,-,-,-,-,-,24229072,…
"2000.08",23136813,391234,203329,187905,10778142,678258,8358288,1611600,129996,2157941,1580876,577065,-,29618,-,9779878,555495,295885,283385,12500,-,259610,259610,-,-,23692308,687119,486714,187905,12500,10778142,678258,8358288,1611600,129996,2417551,1840486,577065,29618,9779878,-,-,-,…,423241,…,-,-,-,-,-,-,24115550,…
"2000.09",20036760,471145,307402,163743,8729204,417561,7202333,1083999,25311,1248020,1001476,246544,-,28828,-,9559563,670626,411697,398807,12890,-,258928,112269,146659,-,20707386,882843,706210,163743,12890,8729204,417561,7202333,1083999,25311,1506948,1113745,393203,28828,9559563,-,-,-,…,281096,…,-,-,-,-,-,-,20988482,…
"2000.10",21401545,206781,144644,62137,10550413,440558,7937531,2127883,44441,1719073,1378624,340449,-,8428,-,8916850,475973,238020,231797,6223,-,237953,84572,153381,-,21877518,444801,376441,62137,6223,10550413,440558,7937531,2127883,44441,1957026,1463196,493830,8428,8916850,-,-,-,…,329652,…,-,-,-,-,-,-,22207171,…
"2000.11",21484827,156150,116087,40063,10325892,517769,7809187,1814042,184894,2170927,1588588,582339,-,12144,-,8819714,603211,256890,252960,3930,-,346322,104149,242173,-,22088038,413039,369046,40063,3930,10325892,517769,7809187,1814042,184894,2517249,1692737,824512,12144,8819714,-,-,-,…,377431,…,-,-,-,-,-,-,22465468,…
"2000.12",22858355,164184,87594,76590,10244508,640262,7963130,1449266,191850,2334162,1569855,764307,-,31668,-,10083833,640812,183781,180581,3200,-,457031,141626,315405,-,23499167,347965,268175,76590,3200,10244508,640262,7963130,1449266,191850,2791193,1711481,1079712,31668,10083833,-,-,-,…,429406,…,-,-,-,-,-,-,23928574,…
"2001.01",22587376,192164,68183,123981,9928589,624873,7402179,1660386,241151,2358768,1474713,884055,-,23045,-,10084810,702226,96439,93481,2959,-,605787,209755,396032,-,23289602,288603,161663,123981,2959,9928589,624873,7402179,1660386,241151,2964555,1684468,1280087,23045,10084810,-,-,-,…,418327,…,-,-,-,-,-,-,23707930,…
"2001.02",21305261,146816,49583,97233,9896079,512639,7450588,1715914,216937,2189699,1444663,745036,-,26811,-,9045856,557961,75567,72659,2908,-,482395,164724,317671,-,21863223,222383,122242,97233,2908,9896079,512639,7450588,1715914,216937,2672094,1609387,1062707,26811,9045856,-,-,-,…,383734,…,-,-,-,-,-,-,22246957,…
"2001.03",22844720,137272,74707,62565,11312890,650901,8445614,2009575,206800,2333274,1607575,725699,-,27626,-,9033657,628131,84764,75094,9670,-,543368,281773,261595,-,23472851,222036,149801,62565,9670,11312890,650901,8445614,2009575,206800,2876642,1889348,987294,27626,9033657,-,-,-,…,416883,…,-,-,-,-,-,-,23889734,…
"2001.04",21197668,191994,83708,108286,10260765,679007,7881155,1619764,80840,1263255,858262,404993,-,26945,-,9454708,553013,99910,93905,6006,-,453103,224965,228138,-,21750681,291904,177612,108286,6006,10260765,679007,7881155,1619764,80840,1716358,1083227,633131,26945,9454708,-,-,-,…,327473,…,-,-,-,-,-,-,22078154,…
"2001.05",22178949,229095,65384,163711,11079151,644490,8453948,1826065,154647,1757377,1391201,366176,-,31935,-,9081391,481895,104091,100350,3741,-,377804,249383,128421,-,22660844,333186,165734,163711,3741,11079151,644490,8453948,1826065,154647,2135181,1640584,494597,31935,9081391,-,-,-,…,256169,…,-,-,-,-,-,-,22917013,…
"2001.06",22282317,281960,68955,213005,11739307,614166,9139251,1889943,95947,1699001,1399669,299332,-,26602,-,8535448,502529,101759,96285,5474,-,400769,233602,167167,-,22784846,383719,165240,213005,5474,11739307,614166,9139251,1889943,95947,2099770,1633271,466499,26602,8535448,-,-,-,…,282644,…,-,-,-,-,-,-,23067489,…
"2001.07",24133827,421951,181165,240786,12399905,493531,9580967,2160722,164685,1911252,1559551,351701,-,28684,-,9372035,514691,176126,165230,10896,-,338565,205692,132873,-,24648518,598077,346394,240786,10896,12399905,493531,9580967,2160722,164685,2249817,1765243,484574,28684,9372035,-,-,-,…,318029,…,-,-,-,-,-,-,24966547,…
"2001.08",24124978,476606,256161,220445,11308779,407412,9297965,1477581,125821,1934387,1548157,386230,-,24756,-,10380449,506347,185144,176808,8335,-,321203,182165,139038,-,24631324,661750,432970,220445,8335,11308779,407412,9297965,1477581,125821,2255590,1730322,525268,24756,10380449,-,-,-,…,306389,…,-,-,-,-,-,-,24937713,…
"2001.09",22676917,292102,78923,213179,11308657,470317,9173777,1631757,32806,1949391,1667843,281548,-,23495,-,9103272,469156,102558,95432,7126,-,366597,246461,120136,-,23146073,394661,174355,213179,7126,11308657,470317,9173777,1631757,32806,2315988,1914304,401684,23495,9103272,-,-,-,…,223861,…,-,-,-,-,-,-,23369933,…
"2001.10",22115299,209666,50377,159288,11392013,549316,9130384,1672647,39666,1537861,1268981,268880,-,24450,-,8951309,545942,78532,71177,7355,-,467410,314066,153344,-,22661241,288198,121554,159288,7355,11392013,549316,9130384,1672647,39666,2005271,1583047,422224,24450,8951309,-,-,-,…,301793,…,-,-,-,-,-,-,22963035,…
"2001.11",23634202,176207,49278,126929,11876318,687390,9507052,1613565,68311,1981066,1412704,568362,-,28060,-,9572550,496798,72997,68392,4605,-,423801,164720,259081,-,24131000,249204,117670,126929,4605,11876318,687390,9507052,1613565,68311,2404867,1577424,827443,28060,9572550,-,-,-,…,432682,…,-,-,-,-,-,-,24563682,…
"2001.12",25316944,159096,67690,91405,12934287,673343,9787205,2344420,129319,2673484,1862226,811258,-,32529,-,9517548,721289,57936,54658,3278,-,663354,312934,350420,-,26038233,217031,122348,91405,3278,12934287,673343,9787205,2344420,129319,3336838,2175160,1161678,32529,9517548,-,-,-,…,477337,…,-,-,-,-,-,-,26515570,…
"2002.01",25320037,178310,96953,81358,12701944,697531,9629279,2251671,123463,2745595,1848638,896957,-,24900,-,9669287,893821,53131,48558,4573,-,840690,469861,370829,-,26213858,231441,145511,81358,4573,12701944,697531,9629279,2251671,123463,3586285,2318499,1267786,24900,9669287,-,-,-,…,512866,…,-,-,-,-,-,-,26726724,…
"2002.02",21921044,200005,63610,136395,10184592,406781,8033401,1641712,102698,2095694,1399407,696287,-,26999,-,9413754,664729,40325,36894,3431,-,624405,254198,370207,-,22585773,240330,100503,136395,3431,10184592,406781,8033401,1641712,102698,2720099,1653605,1066494,26999,9413754,-,-,-,…,467098,…,-,-,-,-,-,-,23052871,…
"2002.03",24491203,227356,34233,193123,11663819,375344,9023603,2176059,88813,2422407,1808076,614331,-,31390,-,10146230,721220,69256,64583,4673,-,651964,367560,284404,-,25212423,296612,98816,193123,4673,11663819,375344,9023603,2176059,88813,3074371,2175636,898735,31390,10146230,-,-,-,…,461723,…,-,-,-,-,-,-,25674146,…
"2002.04",23094134,211890,64455,147434,12257278,459691,9377748,2339217,80621,1971052,1622640,348412,-,30711,-,8623203,610071,75603,67983,7621,-,534467,317277,217190,-,23704204,287493,132438,147434,7621,12257278,459691,9377748,2339217,80621,2505519,1939917,565602,30711,8623203,-,-,-,…,347326,…,-,-,-,-,-,-,24051530,…
"2002.05",23896312,299462,110119,189344,11408640,522051,8929984,1873528,83076,1899809,1578778,321031,-,26456,-,10261944,607535,150757,137779,12978,-,456778,321048,135730,-,24503847,450219,247898,189344,12978,11408640,522051,8929984,1873528,83076,2356587,1899826,456761,26456,10261944,-,-,-,…,267638,…,-,-,-,-,-,-,24771485,…
"2002.06",23408265,393443,167588,225855,10577715,524234,9211295,761584,80602,2298692,2084336,214356,-,30946,-,10107469,503471,149458,142773,6686,-,354013,218354,135659,-,23911736,542901,310361,225855,6686,10577715,524234,9211295,761584,80602,2652705,2302690,350015,30946,10107469,-,-,-,…,235693,…,-,-,-,-,-,-,24147429,…
"2002.07",25433351,445098,134808,310289,11733940,692006,10028337,821280,192318,2750174,2345579,404595,-,29409,-,10474730,864507,139280,126292,12987,-,725228,410774,314454,-,26297859,584377,261101,310289,12987,11733940,692006,10028337,821280,192318,3475402,2756353,719049,29409,10474730,-,-,-,…,346753,…,-,-,-,-,-,-,26644612,…
"2002.08",24456327,403212,188126,215086,10605458,704377,9189120,534398,177563,2389660,2008045,381615,-,29899,-,11028099,1104827,479058,465982,13077,-,625769,348187,277582,-,25561154,882270,654108,215086,13077,10605458,704377,9189120,534398,177563,3015429,2356232,659197,29899,11028099,-,-,-,…,358132,…,-,-,-,-,-,-,25919286,…
"2002.09",22794452,388352,165846,222506,10658269,385064,9182572,975363,115270,2533892,2178202,355690,-,31236,-,9182703,1109563,451900,442963,8937,-,657663,404441,253222,-,23904015,840252,608809,222506,8937,10658269,385064,9182572,975363,115270,3191555,2582643,608912,31236,9182703,-,-,-,…,267631,…,-,-,-,-,-,-,24171646,…
"2002.10",24491120,145332,63330,82002,11024858,623553,9551978,839704,9623,3355663,2806603,549060,-,31325,-,9933942,974581,165294,156783,8511,-,809288,521742,287546,-,25465701,310626,220113,82002,8511,11024858,623553,9551978,839704,9623,4164951,3328345,836606,31325,9933942,-,-,-,…,349796,…,-,-,-,-,-,-,25815497,…
"2002.11",25627444,138271,48846,89425,12588407,609298,10127901,1716623,134584,3575968,2782648,793320,-,26696,-,9298103,899092,142227,135933,6294,-,756865,471683,285182,-,26526536,280498,184779,89425,6294,12588407,609298,10127901,1716623,134584,4332833,3254331,1078502,26696,9298103,-,-,-,…,412902,…,-,-,-,-,-,-,26939438,…
"2002.12",27249087,231527,46075,185453,13524564,674610,10705452,1561925,582576,2496500,1667651,828849,-,33055,-,10963441,897214,132500,126163,6337,-,764714,387954,376760,-,28146301,364027,172238,185453,6337,13524564,674610,10705452,1561925,582576,3261214,2055605,1205609,33055,10963441,-,-,-,…,413098,…,-,-,-,-,-,-,28559399,…
"2003.01",27770744,204929,45741,159188,13222237,674250,10371191,1635999,540796,2569800,1631786,938014,-,27163,-,11746615,969935,128689,123901,4788,-,841247,429203,412044,-,28740679,333618,169642,159188,4788,13222237,674250,10371191,1635999,540796,3411047,2060989,1350058,27163,11746615,-,-,-,…,482653,…,-,-,-,-,-,-,29223332,…
"2003.02",24131799,185329,47346,137982,12097968,443340,9163838,1884082,606707,2436365,1745381,690984,-,29173,-,9382964,810529,121611,116573,5038,-,688918,369111,319807,-,24942328,306940,163920,137982,5038,12097968,443340,9163838,1884082,606707,3125283,2114492,1010791,29173,9382964,-,-,-,…,400786,…,-,-,-,-,-,-,25343114,…
"2003.03",26444541,184260,67660,116601,11536474,679549,9137847,1621405,97673,3208714,2550706,658008,-,28333,-,11486760,768342,135504,124947,10558,-,632838,337202,295636,-,27212884,319765,192606,116601,10558,11536474,679549,9137847,1621405,97673,3841552,2887908,953644,28333,11486760,-,-,-,…,452583,…,-,-,-,-,-,-,27665467,…
"2003.04",24095065,202858,113391,89468,10576434,684264,8780539,1060790,50840,3420308,2841079,579229,-,32903,-,9862561,926325,175205,161689,13515,-,751121,491492,259629,-,25021390,378063,275080,89468,13515,10576434,684264,8780539,1060790,50840,4171429,3332571,838858,32903,9862561,-,-,-,…,417889,…,-,-,-,-,-,-,25439279,…
"2003.05",23875997,286227,184066,102161,11114352,633424,9168134,1270229,42565,3422642,2974603,448039,-,24319,-,9028456,1188396,472989,457859,15130,-,715406,533993,181413,-,25064392,759216,641925,102161,15130,11114352,633424,9168134,1270229,42565,4138049,3508597,629452,24319,9028456,-,-,-,…,369700,…,-,-,-,-,-,-,25434092,…
"2003.06",24123933,308407,132898,175509,11488280,565928,9958053,902007,62291,2852851,2477315,375536,-,28707,-,9445688,942237,348776,336879,11896,-,593461,395333,198128,-,25066170,657183,469777,175509,11896,11488280,565928,9958053,902007,62291,3446312,2872648,573664,28707,9445688,-,-,-,…,341064,…,-,-,-,-,-,-,25407234,…
"2003.07",25604212,441386,174643,266743,10799242,435767,9826245,534761,2469,2178415,1850849,327566,-,31930,-,12153239,895843,384347,369425,14922,-,511496,296024,215472,-,26500055,825733,544068,266743,14922,10799242,435767,9826245,534761,2469,2689911,2146873,543038,31930,12153239,-,-,-,…,361430,…,-,-,-,-,-,-,26861485,…
"2003.08",25835973,525144,245080,280064,10895192,530197,9909064,430055,25876,2468485,2082750,385735,-,35499,-,11911654,992507,441759,427549,14209,-,550748,308972,241776,-,26828480,966902,672629,280064,14209,10895192,530197,9909064,430055,25876,3019233,2391722,627511,35499,11911654,-,-,-,…,341546,…,-,-,-,-,-,-,27170026,…
"2003.09",23960013,517055,234656,282399,10823983,483083,8932264,1408636,0,2180505,1923164,257341,-,33490,-,10404980,1042408,640957,626504,14454,-,401451,211876,189575,-,25002421,1158012,861160,282399,14454,10823983,483083,8932264,1408636,0,2581956,2135040,446916,33490,10404980,-,-,-,…,344734,…,-,-,-,-,-,-,25347154,…
"2003.10",26276820,316295,99704,216591,12160380,552837,9585375,2002861,19307,1972180,1547094,425086,-,30409,-,11797556,540337,209630,200523,9107,-,330707,109117,221590,-,26817157,525924,300227,216591,9107,12160380,552837,9585375,2002861,19307,2302887,1656211,646676,30409,11797556,-,-,-,…,391051,…,-,-,-,-,-,-,27208208,…
"2003.11",26119856,167515,64328,103187,12224802,647036,9651905,1860951,64910,2567953,1975659,592294,-,33214,-,11126372,659619,168469,160561,7908,-,491150,165145,326005,-,26779474,335984,224889,103187,7908,12224802,647036,9651905,1860951,64910,3059103,2140804,918299,33214,11126372,-,-,-,…,432144,…,-,-,-,-,-,-,27211618,…
"2003.12",28627129,140061,68547,71514,13330132,630262,10487034,2052087,160749,3797035,2929878,867157,-,34985,-,11324917,970433,179583,172471,7112,-,790849,344568,446281,-,29597562,319644,241018,71514,7112,13330132,630262,10487034,2052087,160749,4587884,3274446,1313438,34985,11324917,-,-,-,…,543127,…,-,-,-,-,-,-,30140689,…
"2004.01",27747995,153850,54000,99850,12648481,585866,10423836,1527798,110982,4534546,3591140,943406,-,34941,-,10376178,1047832,167587,162244,5343,-,880245,476737,403507,-,29268408,321437,216244,99850,5343,12648481,585866,10423836,1527798,110982,5414791,4067877,1346913,34941,10376178,445503,27078,-,…,59583,…,-,-,-,-,-,-,29327991,…
"2004.02",26532753,86059,54930,31128,11971217,524540,9722005,1570657,154015,4961223,4135623,825600,-,28747,-,9485508,1006777,136266,131197,5069,-,870510,530751,339759,-,27991889,222325,186127,31128,5069,11971217,524540,9722005,1570657,154015,5831733,4666374,1165359,28747,9485508,429167,23191,-,…,62123,…,-,-,-,-,-,-,28054012,…
"2004.03",27709531,87741,55674,32067,12516914,497172,10231480,1689452,98810,4884204,4154488,729716,-,30562,-,10190109,908196,144047,137059,6988,-,764148,462221,301927,-,29088015,231788,192733,32067,6988,12516914,497172,10231480,1689452,98810,5648352,4616709,1031643,30562,10190109,438782,31507,-,…,52034,…,-,-,-,-,-,-,29140049,…
"2004.04",25275267,104175,64261,39914,11180184,525162,9478897,1134434,41692,4323958,3896993,426965,-,35966,-,9630983,881335,128896,121465,7431,-,752439,569716,182723,-,26542500,233070,185726,39914,7431,11180184,525162,9478897,1134434,41692,5076397,4466709,609688,35966,9630983,350931,34968,-,…,36972,…,-,-,-,-,-,-,26579473,…
"2004.05",25955877,182044,116290,65754,11333706,590920,9618120,1116144,8522,4000578,3580497,420081,-,32794,-,10406757,662772,180148,168694,11454,-,482624,381949,100675,-,26961059,362192,284984,65754,11454,11333706,590920,9618120,1116144,8522,4483202,3962446,520756,32794,10406757,312854,29555,-,…,17050,…,-,-,-,-,-,-,26978109,…
"2004.06",26139971,265964,124839,141126,11296560,535511,9516512,1212910,31627,3761738,3259044,502694,-,30821,-,10784888,1068192,339559,330230,9329,-,728633,514634,213999,-,27490030,605523,455069,141126,9329,11296560,535511,9516512,1212910,31627,4490371,3773678,716693,30821,10784888,253986,27881,-,…,2567,…,-,-,-,-,-,-,27492598,…
"2004.07",28070672,558116,280741,277376,12010987,461099,10580523,906011,63354,3863954,3317103,546851,-,35868,-,11601747,1334848,563351,547661,15690,-,771496,535490,236006,-,29695684,1121467,828402,277376,15690,12010987,461099,10580523,906011,63354,4635450,3852593,782857,35868,11601747,259754,30412,-,…,50505,…,-,-,-,-,-,-,29746188,…
"2004.08",28626283,618074,257755,360319,12375333,531404,10777705,1035157,31067,2928865,2469302,459563,-,38476,-,12665536,1027006,474890,459830,15060,-,552116,352410,199706,-,29816935,1092964,717585,360319,15060,12375333,531404,10777705,1035157,31067,3480981,2821712,659269,38476,12665536,134902,28744,-,…,43630,…,-,-,-,-,-,-,29860566,…
"2004.09",26098409,432525,185520,247005,11443657,436097,9864296,1141017,2248,2915459,2560106,355353,-,35564,-,11271203,545389,216724,200469,16255,-,328665,184986,143679,-,26804385,649250,385989,247005,16255,11443657,436097,9864296,1141017,2248,3244124,2745092,499032,35564,11271203,131838,28750,-,…,42537,…,-,-,-,-,-,-,26846922,…
"2004.10",27156526,218696,138314,80382,12514266,363921,10802475,1325897,21973,3591580,3125574,466006,-,35784,-,10796200,653461,133288,124961,8327,-,520172,332005,188167,-,28066939,351984,263275,80382,8327,12514266,363921,10802475,1325897,21973,4111752,3457579,654173,35784,10796200,227417,29535,-,…,12274,…,-,-,-,-,-,-,28079213,…
"2004.11",27677880,172031,95273,76758,12659728,323624,10386373,1882829,66902,3666772,3107510,559262,-,32084,-,11147264,713469,165083,159131,5952,-,548386,261954,286432,-,28678960,337114,254404,76758,5952,12659728,323624,10386373,1882829,66902,4215158,3369464,845694,32084,11147264,259782,27829,-,…,24756,…,-,-,-,-,-,-,28703715,…
"2004.12",30189200,162221,63545,98676,13413676,411755,11358094,1541702,102126,4219574,3410667,808907,-,35288,-,12358441,770153,170098,164265,5833,-,600055,214059,385996,-,31297709,332319,227810,98676,5833,13413676,411755,11358094,1541702,102126,4819629,3624726,1194903,35288,12358441,307623,30733,-,…,41422,…,-,-,-,-,-,-,31339131,…
"2005.01",31013004,124194,46132,78062,14089063,423419,11081189,2441242,143213,5218391,4246007,972384,-,32454,1595,11547307,1454155,151766,144265,7501,-,909979,525782,384197,392409,32467159,275960,190397,78062,7501,14089063,423419,11081189,2441242,143213,6128371,4771790,1356581,32454,11547307,360014,33990,-,…,10173,…,-,-,-,-,-,-,32477332,…
"2005.02",27316736,127194,35226,91968,12389177,347564,9753146,2147964,140503,3443276,2619503,823773,-,29835,2308,11324946,981396,110037,103864,6173,-,551270,200576,350694,320089,28298132,237231,139090,91968,6173,12389177,347564,9753146,2147964,140503,3994546,2820079,1174467,29835,11324946,286440,35957,-,…,4589,…,-,-,-,-,-,-,28302721,…
"2005.03",30211649,85286,42199,43087,12754514,518160,9617045,2523097,96213,4700104,3929365,770740,-,34576,2198,12634971,1236937,112623,101740,10883,-,633620,363816,269804,490694,31448586,197909,143939,43087,10883,12754514,518160,9617045,2523097,96213,5333724,4293181,1040544,34576,12634971,450377,42515,-,…,7676,…,-,-,-,-,-,-,31456262,…
"2005.04",27423041,216155,85263,130891,11938918,529065,9742225,1616788,50840,2580618,2218454,362164,-,29254,1497,12656599,755379,113904,101390,12514,-,373091,151233,221858,268384,28178419,330058,186653,130891,12514,11938918,529065,9742225,1616788,50840,2953709,2369687,584022,29254,12656599,234346,35535,-,…,7833,…,-,-,-,-,-,-,28186252,…
"2005.05",27973367,312300,94839,217461,11871907,506809,10373801,986548,4748,2467348,2204544,262804,-,38718,808,13282286,662054,159109,148552,10557,-,312762,229867,82895,190184,28635422,471409,243391,217461,10557,11871907,506809,10373801,986548,4748,2780110,2434411,345699,38718,13282286,156643,34348,-,…,18802,…,-,-,-,-,-,-,28654224,…
"2005.06",27676292,281165,107564,173602,12075776,487961,10828575,738613,20627,3584667,3220314,364353,-,42175,935,11691574,1233695,164140,155833,8307,-,923772,717280,206492,145783,28909987,445305,263397,173602,8307,12075776,487961,10828575,738613,20627,4508439,3937594,570845,42175,11691574,117433,29285,-,…,29672,…,-,-,-,-,-,-,28939659,…
"2005.07",29789217,340391,168901,171490,13354901,527196,11881314,921807,24584,4180589,3729567,451022,-,58841,749,11853747,1438837,380530,360648,19882,-,897237,684160,213077,161070,31228054,720921,529549,171490,19882,13354901,527196,11881314,921807,24584,5077825,4413726,664099,58841,11853747,133201,28618,-,…,33912,…,-,-,-,-,-,-,31261966,…
"2005.08",30027459,514698,252720,261977,12508185,555289,11628161,298999,25736,3684567,3280168,404398,-,64413,966,13254631,1098498,317804,299449,18355,-,655341,501299,154042,125353,31125958,832502,552169,261977,18355,12508185,555289,11628161,298999,25736,4339908,3781467,558440,64413,13254631,97070,29248,-,…,42229,…,-,-,-,-,-,-,31168186,…
"2005.09",27353950,325877,203618,122259,11850567,466888,10559959,808948,14771,3754087,3427783,326304,-,58476,1422,11363521,1145018,221691,205508,16183,-,752986,604139,148847,170341,28498969,547569,409126,122259,16183,11850567,466888,10559959,808948,14771,4507073,4031922,475151,58476,11363521,140832,30931,-,…,57845,…,-,-,-,-,-,-,28556814,…
"2005.10",28257542,261996,157678,104318,11639948,452043,10779196,394492,14217,3607469,3230903,376566,-,61990,2045,12684093,1162077,232021,218739,13282,-,706058,520821,185237,223998,29419618,494017,376417,104318,13282,11639948,452043,10779196,394492,14217,4313527,3751724,561803,61990,12684093,194623,31421,-,…,35569,…,-,-,-,-,-,-,29455187,…
"2005.11",29265131,138605,79444,59161,12333555,467557,10868616,935916,61466,4902398,4281879,620519,-,61542,1710,11827321,1389886,177603,169709,7894,-,932552,658068,274484,279731,30655016,316208,249153,59161,7894,12333555,467557,10868616,935916,61466,5834949,4939947,895003,61542,11827321,251681,29760,-,…,8960,…,-,-,-,-,-,-,30663977,…
"2005.12",33450993,139154,77842,61312,14400686,507828,11988717,1714693,189448,6187431,5204156,983275,-,63065,2630,12658027,2053677,180645,174447,6198,-,1497286,1091001,406285,375746,35504670,319799,252289,61312,6198,14400686,507828,11988717,1714693,189448,7684717,6295157,1389560,63065,12658027,335884,42491,-,…,12081,…,-,-,-,-,-,-,35516751,…
"2006.01",32494342,119134,37744,81390,15062281,526608,12103184,2285236,147253,4245263,3354776,890486,-,66094,2201,12999370,1379373,87256,81316,5940,-,924066,617255,306811,368051,33873714,206390,119059,81390,5940,15062281,526608,12103184,2285236,147253,5169329,3972031,1197297,66094,12999370,333794,36458,-,…,3509,…,-,-,-,-,-,-,33877224,…
"2006.02",29672370,92284,32665,59619,12766622,394163,10908410,1321060,142989,5219317,4430046,789271,-,49117,2378,11542653,1465449,85931,79772,6159,-,1056037,754571,301466,323480,31137819,178216,112437,59619,6159,12766622,394163,10908410,1321060,142989,6275354,5184617,1090737,49117,11542653,290228,35630,-,…,6470,…,-,-,-,-,-,-,31144289,…
"2006.03",30886358,96869,37889,58980,13075849,556932,10948777,1442560,127580,6522233,5750395,771838,-,65596,1720,11124091,1938553,94919,88413,6506,-,1488117,1207950,280167,355518,32824912,191787,126302,58980,6506,13075849,556932,10948777,1442560,127580,8010350,6958345,1052005,65596,11124091,314948,42291,-,…,11992,…,-,-,-,-,-,-,32836904,…
"2006.04",28233688,143838,67255,76583,11337712,545183,9863231,859998,69301,5429483,4900534,528948,-,73382,1859,11247414,1621633,100944,89288,11656,-,1227769,947447,280322,292920,29855322,244783,156544,76583,11656,11337712,545183,9863231,859998,69301,6657252,5847982,809270,73382,11247414,255575,39204,-,…,10598,…,-,-,-,-,-,-,29865919,…
"2006.05",28143616,251008,149977,101032,11298897,446397,10354866,475120,22514,4128672,3714857,413815,-,64430,1069,12399539,1338032,178940,164264,14677,-,946106,802274,143832,212985,29481648,429949,314241,101032,14677,11298897,446397,10354866,475120,22514,5074779,4517131,557647,64430,12399539,181383,32672,-,…,37545,…,-,-,-,-,-,-,29519193,…
"2006.06",28398685,336221,162032,174189,11641685,443976,10468720,626343,102647,3855374,3502957,352416,-,50856,779,12513770,1566096,243150,229923,13228,-,1149305,945447,203858,173641,29964781,579371,391955,174189,13228,11641685,443976,10468720,626343,102647,5004679,4448404,556274,50856,12513770,144057,30363,-,…,35136,…,-,-,-,-,-,-,29999917,…
"2006.07",29915312,551177,241643,309534,12604905,462394,11626990,382210,133311,3354909,2940324,414585,-,54897,1384,13348041,1540519,516855,497539,19316,-,881963,764004,117959,141701,31455831,1068032,739181,309534,19316,12604905,462394,11626990,382210,133311,4236872,3704328,532544,54897,13348041,111119,31966,-,…,38730,…,-,-,-,-,-,-,31494561,…
"2006.08",32740249,582192,219982,362210,14224144,568079,12573366,879283,203416,4310635,3654401,656234,-,63618,756,13558905,1515235,492625,472117,20508,-,919418,801957,117461,103192,34255484,1074817,692099,362210,20508,14224144,568079,12573366,879283,203416,5230053,4456359,773695,63618,13558905,72718,31230,-,…,31490,…,-,-,-,-,-,-,34286974,…
"2006.09",28873033,264951,87519,177432,12333728,413281,11267743,626528,26176,3843537,3361769,481768,-,34123,1942,12394753,1359372,166331,150605,15726,-,1015948,913527,102421,177093,30232405,431282,238124,177432,15726,12333728,413281,11267743,626528,26176,4859485,4275296,584189,34123,12394753,142843,36191,-,…,55853,…,-,-,-,-,-,-,30288258,…
"2006.10",28964782,232746,38989,193757,12300116,317941,11330226,619391,32559,3375752,2942039,433713,-,43252,2403,13010513,1111004,114568,103994,10573,-,792389,657825,134564,204047,30075786,347314,142984,193757,10573,12300116,317941,11330226,619391,32559,4168141,3599864,568277,43252,13010513,151154,55296,-,…,14424,…,-,-,-,-,-,-,30090210,…
"2006.11",30302999,110571,44141,66429,13641905,439417,10923378,2186112,92998,4419300,3808695,610605,-,53463,2901,12074860,1750237,111705,102792,8913,-,1283318,1016507,266811,355213,32053236,222276,146934,66429,8913,13641905,439417,10923378,2186112,92998,5702618,4825202,877416,53463,12074860,286802,71312,-,…,70752,…,-,-,-,-,-,-,32123988,…
"2006.12",33821227,132943,43015,89928,15623073,595019,12267694,2602949,157411,5469300,4616231,853069,-,58467,2465,12534979,1769850,111463,103408,8055,-,1280131,956300,323831,378256,35591077,244406,146422,89928,8055,15623073,595019,12267694,2602949,157411,6749431,5572531,1176900,58467,12534979,312111,68611,-,...,62195,...,-,-,-,-,-,-,35653272,...
"2007.01",34524512,116828,55397,61431,16476173,550300,13208521,2509951,207400,5229770,4327078,7359635,-,59603,26955,12642488,1747955,99813,92471,7342,-,1238559,888396,350163,409584,36275467,216641,147868,61431,7342,16476173,550300,13208521,2509951,207400,6468328,5215474,1252854,59603,12642488,339913,72322,-,...,16150,...,-,-,-,-,-,-,36291617,...
"2007.02",29425684,124634,43671,80963,13398416,375630,10936210,1910618,175958,4813324,4058300,755024,-,51380,2160,11035769,1605773,88634,81285,7349,-,1185218,888117,297101,331920,31051374,213268,124956,80963,7349,13398416,375630,10936210,1910618,175958,5998543,4946417,1052125,51380,11035769,278048,56032,-,...,19917,...,-,-,-,-,-,-,31051374,...
"2007.03",32746535,144041,63154,80888,14625430,453216,11835805,2175628,160782,5648280,4956768,691511,-,56792,2429,12269561,1779813,110692,99514,11177,-,1275965,977218,298747,393156,34526348,254733,162668,80888,11177,14625430,453216,11835805,2175628,160782,6924245,5933987,990258,56792,12269561,319292,76293,-,...,45415,...,-,-,-,-,-,-,34571763,...
"2007.04",29892768,131596,95468,36128,12855145,542639,11088419,1133528,90559,4977278,4452521,524756,-,46700,1731,11880319,1434669,122880,110814,12066,-,994806,810081,184725,316983,31327437,254476,206282,36128,12066,12855145,542639,11088419,1133528,90559,5972083,5262602,709481,46700,11880319,244137,74578,-,...,76555,...,-,-,-,-,-,-,31403992,...
"2007.05",29763927,223294,143923,79371,13502397,545270,11376259,1516203,64664,4508439,4155227,353212,-,57655,1667,11470475,1740064,124530,110814,13716,-,1338645,1198915,139730,276890,31503992,347825,254737,79371,13716,13502397,545270,11376259,1516203,64664,5847084,5354141,492942,57655,11470475,201099,77457,-,...,73072,...,-,-,-,-,-,-,31577063,...
"2007.06",29965618,239760,134225,105535,13790177,530552,11998255,1124260,137109,5018917,4581582,437335,-,47409,1248,10868108,1790229,171075,159872,11203,-,1434344,1198234,236110,184809,31755846,410835,294098,105535,11203,13790177,530552,11998255,1124260,137109,6453261,5779816,673445,47409,10868108,124170,61887,-,...,53441,...,-,-,-,-,-,-,31809287,...
"2007.07",31789798,302745,131119,171626,14869201,455219,13585610,719172,109199,4704944,4246184,458760,-,32930,1136,11878842,1880723,208366,189375,18992,-,1528774,1309607,219167,143582,33670521,511111,320493,171626,18992,14869201,455219,13585610,719172,109199,6233718,5555792,677927,32930,11878842,109348,35370,-,...,65409,...,-,-,-,-,-,-,33735930,...
"2007.08",34263405,615732,258698,357033,15745448,580485,13929965,944968,290030,4708238,4170194,538043,-,43986,1792,13148211,1655132,368730,351230,17500,-,1108585,846063,262522,177818,35918538,984462,609928,357033,17500,15745448,580485,13929965,944968,290030,5816822,5016257,800565,43986,13148211,124639,54971,-,...,62625,...,-,-,-,-,-,-,35981163,...
"2007.09",29379796,457666,206154,251512,13305917,427155,12209287,583725,85751,3866502,3420315,446186,-,39174,1762,11708775,1895386,430163,408072,22090,-,1283711,1096824,186887,181513,31275183,887829,614226,251512,22090,13305917,427155,12209287,583725,85751,5150213,4517140,633073,39174,11708775,122534,60740,-,...,67990,...,-,-,-,-,-,-,31343173,...
"2007.10",30776772,192952,127409,65542,13959694,562356,12306975,923111,167253,5175067,4654678,520388,-,35864,1772,11411423,2071249,207043,190600,16443,-,1491297,1250828,240469,372910,32848021,399994,318009,65542,16443,13959694,562356,12306975,923111,167253,6666363,5905506,760857,35864,11411423,300192,74490,-,...,85957,...,-,-,-,-,-,-,32933977,...
"2007.11",32468243,117182,59703,57478,14682635,478237,13047165,955416,201817,5465610,4723168,742442,-,51202,3248,12148367,2180890,181376,172025,9351,-,1559843,1228008,331835,439672,34649133,298557,231728,57478,9351,14682635,478237,13047165,955416,201817,7025453,5951176,1074277,51202,12148367,356688,86231,-,...,87842,...,-,-,-,-,-,-,34736975,...
"2007.12",35200989,112860,49556,63305,16204442,560485,14100621,1206157,337179,6347840,5358555,989285,-,55662,5359,12474825,2311507,149869,140720,9150,-,1501465,1040081,461384,660173,37512496,262730,190275,63305,9150,16204442,560485,14100621,1206157,337179,7849305,6398636,1450669,55662,12474825,565078,100454,-,...,175690,...,-,-,-,-,-,-,37688185,...
"2008.01",36723553,178022,93648,84374,16135808,568286,13753079,1394058,420385,6987362,5932062,1055300,-,50751,8854,13362756,2581629,128129,117732,10397,-,1764726,1213074,551652,688774,39305181,306151,205988,84374,15789,16135808,568286,13753079,1394058,420385,8752088,7145136,1606952,50751,13362756,614731,82896,-,...,52360,...,-,-,-,-,-,-,39357541,...
"2008.02",33175128,202705,49077,153628,14488149,403245,12823102,1034452,227350,5616846,4699406,917440,-,43228,8133,12816066,2337906,110937,101641,9296,-,1555340,1121556,433784,671629,35513034,313642,146702,153628,13312,14488149,403245,12823102,1034452,227350,7172186,5820962,1351224,43228,12816066,582333,97429,-,...,37283,...,-,-,-,-,-,-,35550316,...
"2008.03",33315575,158823,97283,61540,14167708,622733,12818213,636204,90558,5204354,4449258,755097,-,44317,6532,13733839,2561607,165956,153213,12743,-,1717961,1343375,374586,677690,35877182,324779,246115,61540,17124,14167708,622733,12818213,636204,90558,6922315,5792632,1129683,44317,13733839,592144,92079,-,...,53898,...,-,-,-,-,-,-,35931080,...
"2008.04",30503374,214423,117956,96466,13505079,587226,12369155,524489,24209,4602620,4161584,441036,-,39426,4545,12137281,2291369,157718,143529,14189,-,1533234,1245309,287925,600417,32794743,372141,255973,96466,19702,13505079,587226,12369155,524489,24209,6135854,5406893,728961,39426,12137281,515723,89238,-,...,66580,...,-,-,-,-,-,-,32861323,...
"2008.05",30761411,275262,109355,165907,14110231,540084,13142769,385000,42378,4198384,3868109,330275,-,45848,4561,12127124,2301841,163955,149589,14365,-,1778421,1581203,197218,359465,33063253,439217,253231,165907,20079,14110231,540084,13142769,385000,42378,5976805,5449313,527493,45848,12127124,280028,83998,-,...,60538,...,-,-,-,-,-,-,33123790,...
"2008.06",31118378,336317,106812,229505,15149101,580820,14099221,430324,38736,3643863,3267788,376075,-,18977,3551,11966569,1728296,144296,130254,14042,-,1212624,1040767,171857,371375,32846674,480613,228806,229505,22302,15149101,580820,14099221,430324,38736,4856487,4308555,547932,18977,11966569,318038,56888,-,...,45224,...,-,-,-,-,-,-,32891898,...
"2008.07",34965477,473066,163531,309535,17481712,653589,15604790,1001307,222026,4627438,4129594,497844,-,33801,3982,12345477,2014570,160065,141891,18174,-,1433752,1242147,191605,420752,36980047,633131,295654,309535,27942,17481712,653589,15604790,1001307,222026,6061190,5371741,689449,33801,12345477,344574,80161,-,...,72849,...,-,-,-,-,-,-,37052895,...
"2008.08",34624930,853718,299496,554222,16819190,532161,15826943,368460,91627,3354082,2903404,450678,-,32695,4062,13561182,1577946,268114,247733,20381,-,968279,878175,90104,341553,36202876,1121832,538136,554222,29475,16819190,532161,15826943,368460,91627,4322361,3781579,540782,32695,13561182,268517,77098,-,...,70683,...,-,-,-,-,-,-,36273560,...
"2008.09",31481083,526074,155000,371074,15318174,392461,14219935,511924,193854,3981157,3594597,386560,-,38832,4409,11612437,1895760,131417,117483,13934,-,1382281,1288495,93786,382062,33376843,657491,265938,371074,20479,15318174,392461,14219935,511924,193854,5363438,4883092,480346,38832,11612437,316376,70095,-,...,62620,...,-,-,-,-,-,-,33439463,...
"2008.10",32011224,308435,62267,246168,15163305,552678,14236357,366641,7630,4349219,3801199,548020,-,45708,4497,12140059,2161458,111295,104055,7240,-,1569480,1350645,218835,480683,34172682,419730,160355,246168,13207,15163305,552678,14236357,366641,7630,5918698,5151844,766855,45708,12140059,300192,184989,-,...,26844,...,-,-,-,-,-,-,34199525,...
"2008.11",31865432,171681,48057,123624,14945530,718444,13665546,506380,55160,4761068,4094922,666145,-,41255,6988,11938911,2453806,93245,87603,5642,-,1765710,1485017,280693,594851,34319238,264925,131701,123624,9601,14945530,718444,13665546,506380,55160,6526778,5579940,946838,41255,11938911,356688,245151,-,...,31999,...,-,-,-,-,-,-,34351237,...
"2008.12",34384306,137475,40979,96496,16371369,777267,14667928,822323,103850,4582859,3661560,921299,-,67870,8503,13216231,2789791,91523,86370,5153,-,1928292,1458713,469579,769977,37174098,228998,123529,96496,8973,16371369,777267,14667928,822323,103850,6511151,5120272,1390878,67870,13216231,565078,213402,-,...,148399,...,-,-,-,-,-,-,37322497,...
"2009.01",35155314,215245,56512,158734,17694375,705170,14968051,1877233,143921,4276148,3282822,993326,-,63124,8771,12897651,2587244,90423,85158,5265,-,1745173,1292700,452473,751649,37742558,305668,137572,158734,9362,17694375,705170,14968051,1877233,143921,6021321,4575522,1445799,63124,12897651,617899,142521,-,...,46462,...,-,-,-,-,-,-,37789020,...
"2009.02",31695611,173093,60816,112277,16657834,719707,13887423,1969190,81513,3450240,2672609,777631,-,61315,9535,11343595,2282288,69485,64569,4915,-,1490641,1120720,369921,722163,33977899,242577,119957,112277,10343,16657834,719707,13887423,1969190,81513,4940880,3793328,1147552,61315,11343595,600762,130936,-,...,60431,...,-,-,-,-,-,-,34038330,...
"2009.03",34552817,206805,73187,133618,17836161,782087,15014930,1989141,50002,4053614,3365088,688525,-,59787,11722,12384729,2025593,73501,67428,6073,-,1198141,865482,332659,753951,36578410,280306,134272,133618,12415,17836161,782087,15014930,1989141,50002,5251755,4230571,1021184,59787,12384729,605487,160186,-,...,46459,...,-,-,-,-,-,-,36624869,...
"2009.04",31740895,240489,68100,172389,16356422,681506,13863495,1800356,11065,3092316,2635537,456780,-,39462,7828,12004378,1886570,75297,68736,6561,-,1223237,983002,240235,588036,33627465,315786,130518,172389,12879,16356422,681506,13863495,1800356,11065,4315554,3618539,697015,39462,12004378,450097,145766,-,...,44284,...,-,-,-,-,-,-,33671749,...
"2009.05",32060168,398038,122246,275793,16380948,729618,14613767,992648,44915,2294168,2050912,243256,-,51329,7750,12927934,1368554,86880,77264,9616,-,792621,662838,129783,489054,33428722,484918,192309,275793,16816,16380948,729618,14613767,992648,44915,3086789,2713749,373039,51329,12927934,344856,151947,-,...,78524,...,-,-,-,-,-,-,33507246,...
"2009.06",32371424,505310,139987,365323,15922794,516630,15126706,259123,20334,3473684,3112033,361651,-,56064,5890,12407682,1831202,103959,93702,10257,-,1273768,1157649,116119,453475,34202626,609269,226452,365323,17494,15922794,516630,15126706,259123,20334,4747452,4269682,477770,56064,12407682,343793,115572,-,...,118080,...,-,-,-,-,-,-,34320706,...
"2009.07",34972857,721071,220748,500323,17535216,587004,16684813,204199,59200,3581892,3227001,354891,-,53083,7934,13073661,1846455,355002,338319,16683,-,1019291,921328,97963,472162,36819313,1076073,548073,500323,27677,17535216,587004,16684813,204199,59200,4601183,4148330,452854,53083,13073661,356689,123406,-,...,65806,...,-,-,-,-,-,-,36885119,...
"2009.08",35232500,688905,234512,454393,18000587,659944,16904719,397434,38490,3658082,3304794,353288,-,71837,6027,12807063,1676570,277551,255082,22469,-,1023237,927868,95369,375783,36909070,966456,478267,454393,33795,18000587,659944,16904719,397434,38490,4681319,4232661,448657,71837,12807063,264706,117104,-,...,84620,...,-,-,-,-,-,-,36993690,...
"2009.09",33475475,361855,130198,231658,17318857,607736,16341804,273826,95491,4398056,4088670,309386,-,54992,6011,11335703,1829984,123073,107248,15825,-,1207158,1104799,102359,499753,35305459,484928,228655,231658,24615,17318857,607736,16341804,273826,95491,5605214,5193469,411745,54992,11335703,384608,121156,-,...,71100,...,-,-,-,-,-,-,35376559,...
"2009.10",32423633,202442,46333,156109,16388338,527180,15689812,171345,0,3591295,3291518,299777,-,52452,8450,12180657,2091167,94906,85995,8912,-,1442310,1275949,166361,553951,34514800,297348,123451,156109,17788,16388338,527180,15689812,171345,0,5033604,4567467,466138,52452,12180657,405082,157318,-,...,64600,...,-,-,-,-,-,-,34579400,...
"2009.11",34508050,133010,46223,86787,17603631,703878,16146007,721120,32626,5239132,4571827,667305,-,58429,13140,11460708,2874704,92569,82659,9910,-,1985497,1655402,330095,796638,37382754,225579,120891,86787,17901,17603631,703878,16146007,721120,32626,7224629,6227229,997400,58429,11460708,625924,183854,-,...,94206,...,-,-,-,-,-,-,37476960,...
"2009.12",38590812,244447,63859,180588,18839911,757197,16584106,1314484,184125,6471282,5508463,962819,-,75079,13047,12947045,3667722,107806,98949,8857,-,2505026,2029119,475907,1054889,42258534,352253,155682,180588,15983,18839911,757197,16584106,1314484,184125,8976308,7537583,1438726,75079,12947045,827095,240842,-,...,81564,...,-,-,-,-,-,-,42340098,...
"2010.01",39951825,294085,54249,239836,19786031,717764,17228395,1553224,286648,6529423,5547173,982250,-,76514,14144,13251629,3787104,106130,98494,7636,-,2558925,2026675,532250,1122049,43738929,400215,145378,239836,15001,19786031,717764,17228395,1553224,286648,9088348,7573848,1514500,76514,13251629,857848,278344,-,...,52262,...,-,-,-,-,-,-,43791191,...
"2010.02",34083915,292083,67817,224265,16667519,629593,14814055,1016525,207345,5613282,4791602,821681,-,68940,10750,11431342,3086867,84714,76410,8304,-,2083800,1676132,407668,918353,37170781,376796,132052,224265,20479,16667519,629593,14814055,1016525,207345,7697082,6467733,1229349,68940,11431342,687427,241676,-,...,71099,...,-,-,-,-,-,-,37241880,...
"2010.03",37038400,290414,122557,167857,18510659,658603,16360985,1192456,298615,6817971,5924403,893568,-,64219,14399,11340739,3394912,158410,139903,18507,-,2156670,1780755,375915,1079832,40433313,448824,248089,167857,32878,18510659,658603,16360985,1192456,298615,8974642,7705159,1269483,64219,11340739,789984,304248,-,...,85612,...,-,-,-,-,-,-,40518924,...
"2010.04",33811451,277861,143783,134078,15960563,713885,14195439,873102,178137,6059207,5296300,762906,-,58249,11162,11444409,3274247,211479,191146,20334,-,2036078,1758541,277537,1026690,37085698,489341,322478,134078,32785,15960563,713885,14195439,873102,178137,8095284,7054841,1040443,58249,11444409,694782,343070,-,...,81182,...,-,-,-,-,-,-,37166879,...
"2010.05",33309452,308954,170982,137972,15539487,604198,14019747,825884,89657,4805545,4218417,587127,-,62111,9203,12584152,2659188,228731,205577,23154,-,1602551,1433985,168566,827906,35968640,537686,364165,137972,35548,15539487,604198,14019747,825884,89657,6408096,5652402,755693,62111,12584152,487168,349941,-,...,57430,...,-,-,-,-,-,-,36026070,...
"2010.06",34294117,329640,136351,193289,16561702,589861,14941002,841035,189804,4912376,4244537,667839,-,39732,6104,12444563,2674108,201052,181564,19488,-,1785903,1574885,211018,687152,36968225,530692,306364,193289,31038,16561702,589861,14941002,841035,189804,6698279,5819423,878857,39732,12444563,429925,263331,-,...,62843,...,-,-,-,-,-,-,37031067,...
"2010.07",37924173,413891,147456,266435,18961500,779072,17050291,891409,240728,5222634,4585438,637195,-,51015,9470,13265663,2509005,94801,79189,15613,-,1678575,1440969,237606,735629,40433178,508693,214025,266435,28232,18961500,779072,17050291,891409,240728,6901209,6026408,874801,51015,13265663,454848,290251,-,...,72972,...,-,-,-,-,-,-,40506150,...
"2010.08",38631509,635651,247985,387667,19255473,780250,17333667,925775,215781,5360008,4720766,639242,-,68028,8416,13303933,2870996,145913,124340,21573,-,1930032,1682933,247099,795051,41502505,781564,356972,387667,36926,19255473,780250,17333667,925775,215781,7290040,6403699,886341,68028,13303933,471500,331966,-,...,67115,...,-,-,-,-,-,-,41569620,...
"2010.09",34360557,657108,269906,387202,17809051,709533,16304966,680304,114247,4853559,4378639,474920,-,52554,8650,10979636,2689125,378520,353438,25082,-,1495627,1322147,173480,814978,37049683,1035628,608789,387202,39637,17809051,709533,16304966,680304,114247,6349186,5700786,648400,52554,10979636,468372,355257,-,...,72586,...,-,-,-,-,-,-,37122269,...
"2010.10",34985975,337448,111538,225910,16690936,785807,15554746,349829,555,5245224,4669846,575379,-,53659,15945,12642764,2945868,179056,162527,16528,-,1696866,1482774,214092,1069946,37931843,516504,261665,225910,28928,16690936,785807,15554746,349829,555,6942090,6152619,789471,53659,12642764,636677,449214,-,...,66483,...,-,-,-,-,-,-,37998326,...
"2010.11",36327620,230582,66443,164139,16673958,721760,15448829,331753,171616,6430526,5707049,723478,-,58373,11572,12922610,3829505,141637,130693,10944,-,2204692,1862333,342359,1483176,40157126,372219,187878,164139,20201,16673958,721760,15448829,331753,171616,8635218,7569382,1065837,58373,12922610,949952,544797,-,...,66724,...,-,-,-,-,-,-,40223850,...
"2010.12",40665171,324825,63542,261283,19032395,669547,16675365,1393074,294408,8231700,7243230,988470,-,77303,14677,12984271,4712919,148917,137911,11006,-,2700964,2194278,506686,1863038,45378090,473742,191704,261283,20755,19032395,669547,16675365,1393074,294408,10932664,9437508,1495156,77303,12984271,1151751,725964,-,...,85888,...,-,-,-,-,-,-,45463978,...
"2011.01",42635767,493029,81734,411295,20356791,724125,17352140,1894751,385776,9192902,8062074,1130828,-,83092,20463,12489488,5696840,157897,146516,11381,-,3370764,2791498,579266,2168179,48332607,650927,218425,411295,21206,20356791,724125,17352140,1894751,385776,12563666,10853572,1710094,83092,12489488,1326311,862331,2188642,...,105032,...,-,-,-,-,-,-,48437639,...
"2011.02",34826943,335773,82223,253550,16455025,664105,14842371,782549,166000,6073039,5343342,729697,-,69917,12318,11880871,4339706,147599,137837,9762,-,2302703,1898693,404010,1889404,39166649,483372,211694,253550,18127,16455025,664105,14842371,782549,166000,8375742,7242035,1133707,69917,11880871,1204167,697555,1901722,...,68968,...,-,-,-,-,-,-,39235617,...
"2011.03",38400007,260011,96959,163052,17615108,690888,15492299,1131160,300761,7335042,6531020,804022,-,80747,19791,13089307,4653916,164588,151568,13020,-,2545422,2128174,417248,1943906,43053923,424599,239363,163052,22184,17615108,690888,15492299,1131160,300761,9880464,8659194,1221270,80747,13089307,1321057,642641,1963698,...,68359,...,-,-,-,-,-,-,43122282,...
"2011.04",34525557,210695,94331,116364,15244342,660112,13851742,487376,245112,6232524,5631066,601459,-,66158,16067,12755770,4141737,147226,130811,16415,-,2321661,1999745,321916,1672849,38667294,357922,215795,116364,25763,15244342,660112,13851742,487376,245112,8554186,7630811,923375,66158,12755770,1048498,640418,1688916,...,42715,...,-,-,-,-,-,-,38710009,...
"2011.05",34198803,393157,214358,178799,15234639,552866,14399269,246263,36241,4908781,4473930,434850,-,70438,13728,13578061,4097994,353103,326814,26289,-,2371971,2175769,196202,1372920,38296797,746259,529442,178799,38018,15234639,552866,14399269,246263,36241,7280752,6649700,631052,70438,13578061,723994,662655,1386648,...,59132,...,-,-,-,-,-,-,38355929,...
"2011.06",34825469,463097,190520,272577,16479702,751314,14777294,751583,199511,5564371,5185586,378784,-,47389,10608,12260303,4011548,324372,302282,22089,-,2249921,2021795,228126,1437255,38837018,787468,481806,272577,33085,16479702,751314,14777294,751583,199511,7814292,7207382,606910,47389,12260303,827657,620207,1447863,...,64267,...,-,-,-,-,-,-,38901284,...
"2011.07",38288644,656758,287164,369594,18543012,775527,17212289,425432,129764,5029682,4565525,464156,-,63800,12846,13982548,4041624,636804,607337,29467,-,2073468,1899749,173719,1331352,42330268,1293562,879422,369594,44546,18543012,775527,17212289,425432,129764,7103150,6465274,637875,63800,13982548,816859,527338,1344197,...,53580,...,-,-,-,-,-,-,42383848,...
"2011.08",38406939,745395,273141,472255,18439432,767991,17157139,444141,70161,4698388,4229468,468920,-,67084,10705,14445934,3936606,500032,460288,39744,-,2144554,1980224,164330,1292020,42343545,1245427,717873,472255,55300,18439432,767991,17157139,444141,70161,6842942,6209692,633250,67084,14445934,784704,518022,1302725,...,54040,...,-,-,-,-,-,-,42397585,...
"2011.09",35253063,500365,89692,410673,17349977,665173,15701899,797576,185328,5272844,4788937,483906,-,59933,12950,12056994,3542647,164685,136147,28538,-,2213627,2037632,175995,1164335,38795710,665051,211461,410673,42916,17349977,665173,15701899,797576,185328,7486470,6826569,659901,59933,12056994,643850,533435,1177285,...,65465,...,-,-,-,-,-,-,38861175,...
"2011.10",35707838,263120,51726,211395,18132625,731997,16695879,563498,141252,4440134,4016525,423609,-,63815,14774,12793369,4061974,133455,114794,18661,-,2282346,2046165,236181,1646173,39769813,396576,153724,211395,31457,18132625,731997,16695879,563498,141252,6722480,6062690,659790,63815,12793369,1084351,576596,1660947,...,56485,...,-,-,-,-,-,-,39826298,...
"2011.11",35963225,231867,45835,186032,17758166,725007,16293367,665818,73973,5385888,4918448,467440,-,69701,14009,12503594,4456741,129104,105377,23728,-,2548593,2239402,309191,1779043,40419966,360971,137909,186032,37030,17758166,725007,16293367,665818,73973,7934481,7157850,776631,69701,12503594,1196108,596944,1793052,...,70019,...,-,-,-,-,-,-,40489984,...
"2011.12",40376968,261687,74287,187400,19595985,794878,17236176,1266191,298739,7534490,6623643,910847,-,78459,19482,12886867,5689375,156832,120165,36667,-,3386268,2864573,521695,2146276,46066344,418519,181953,187400,49166,19595985,794878,17236176,1266191,298739,10920758,9488216,1432542,78459,12886867,1451511,714247,2165757,...,105371,...,-,-,-,-,-,-,46171715,...
"2012.01",40132138,289689,64366,225323,19516810,776012,17437775,1042334,260688,7111372,6147443,963929,-,80977,19403,13113887,5523208,129849,117982,11867,-,3280429,2737707,542722,2112930,45655347,419538,171382,225323,22834,19516810,776012,17437775,1042334,260688,10391801,8885150,1506651,80977,13113887,1408526,723807,2132333,...,296866,...,-,-,-,-,-,-,45952213,...
"2012.02",38389213,236025,62238,173787,18396865,765266,16199591,1133973,298036,7566572,6678135,888437,-,79623,18576,12091551,5474526,142801,131079,11722,-,3336525,2819726,516799,1995199,43863739,378827,183233,173787,21806,18396865,765266,16199591,1133973,298036,10903097,9497862,1405236,79623,12091551,1322289,691486,2013775,...,292876,...,-,-,-,-,-,-,44156615,...
"2012.03",38096592,268615,79067,189548,17977931,755891,15749453,1203111,269477,7274087,6444539,829548,-,71885,23451,12480623,5519026,180847,163778,17068,-,3383715,2904920,478795,1954464,43615618,449462,231646,189548,28267,17977931,755891,15749453,1203111,269477,10657802,9349460,1308343,71885,12480623,1317312,660603,1977915,...,229057,...,-,-,-,-,-,-,43844676,...
"2012.04",33831059,405703,152278,253425,15392765,613779,13270103,1238967,269916,6557949,5780366,777582,-,66308,21049,11387285,5294253,282093,257005,25088,-,3057686,2582028,475658,1954474,39125312,687797,396613,253425,37759,15392765,613779,13270103,1238967,269916,9615635,8362394,1253241,66308,11387285,1147976,827546,1975522,...,131337,...,-,-,-,-,-,-,39256649,...
"2012.05",34560208,429219,150393,278827,16042229,597535,13907863,1260104,276728,5745252,5179602,565650,-,61852,13920,12267735,4932059,222210,194047,28163,-,3100221,2691594,408627,1609628,39492267,651429,333092,278827,39511,16042229,597535,13907863,1260104,276728,8845473,7871196,974277,61852,12267735,920701,702847,1623548,...,113227,...,-,-,-,-,-,-,39605494,...
"2012.06",35908498,381147,90509,290638,17105827,758644,14793304,1203305,350575,5603642,5049920,553722,-,35342,12519,12770021,4084473,163022,137151,25871,-,2469554,2149435,320119,1451896,39992971,544169,217209,290638,36322,17105827,758644,14793304,1203305,350575,8073197,7199356,873841,35342,12770021,790334,674081,1464415,...,105239,...,-,-,-,-,-,-,40098210,...
"2012.07",38695664,505916,149546,356369,19229389,810544,16748114,1372726,298005,5951108,5356135,594973,-,61586,14207,12933458,4600064,204320,168953,35367,-,2919448,2639763,279685,1476296,43295728,710236,304223,356369,49643,19229389,810544,16748114,1372726,298005,8870556,7995898,874658,61586,12933458,756829,733673,1490502,...,123087,...,-,-,-,-,-,-,43418815,...
"2012.08",39729564,647164,208328,438836,19667100,796668,17378759,1213826,277846,5362962,4781730,581232,-,71560,14879,13965899,4424484,294163,255172,38991,-,2611399,2338420,272979,1518922,44154048,941327,448745,438836,53746,19667100,796668,17378759,1213826,277846,7974361,7120151,854211,71560,13965899,829265,704536,1533801,...,93369,...,-,-,-,-,-,-,44247417,...
"2012.09",35340911,577492,180607,396885,17106625,658332,15953942,448276,46075,4237483,3953612,283871,-,47641,13743,13357927,3657018,317857,272859,44998,-,2023251,1908670,114581,1315910,38997929,895349,436869,396885,61595,17106625,658332,15953942,448276,46075,6260734,5862283,398452,47641,13357927,700818,628834,1329652,...,87814,...,-,-,-,-,-,-,39085743,...
"2012.10",35459099,491441,122272,369169,17326196,690804,15477091,866388,291914,4889116,4259751,629365,-,60012,18127,12674208,3981708,188630,147676,40954,-,2137046,1869330,267715,1656033,39440807,680071,255620,369169,55283,17326196,690804,15477091,866388,291914,7026161,6129081,897080,60012,12674208,924365,749794,1674159,...,132949,...,-,-,-,-,-,-,39573756,...
"2012.11",36903400,431578,95592,335986,18488405,759969,16181871,1223786,322779,6996856,6155110,841746,-,39026,18495,10929040,5314309,179863,138892,40972,-,3093816,2621182,472634,2040629,42217709,611442,221483,335986,53973,18488405,759969,16181871,1223786,322779,10090672,8776292,1314380,39026,10929040,1304388,754737,2059125,...,187064,...,-,-,-,-,-,-,42404773,...
"2012.12",41469833,475634,101165,374469,20085859,784319,17464090,1346625,490826,8454739,7382425,1072314,-,76257,21683,12355661,6158899,207021,152141,54879,-,3717704,3116913,600791,2234175,47628733,682655,239903,374469,68283,20085859,784319,17464090,1346625,490826,12172443,10499338,1673105,76257,12355661,1489932,765925,2255857,...,301236,...,-,-,-,-,-,-,47929969,...
"2013.01",42480566,360508,71975,288533,20134978,787770,17583287,1201705,562217,8209829,7180046,1029783,-,81817,23810,13669624,6077687,204265,166439,37826,-,3629946,3027464,602482,2243477,48558253,564772,227447,288533,48792,20134978,787770,17583287,1201705,562217,11839774,10207510,1632265,81817,13669624,1479302,787986,2267287,...,266261,...,-,-,-,-,-,-,48824514,...
"2013.02",36299357,360606,110220,250385,17827259,666740,15662236,995489,502794,6718236,5897407,820829,-,67493,24837,11300927,4934532,233716,193134,40582,-,2694237,2229995,464242,2006578,41233889,594322,293270,250385,50666,17827259,666740,15662236,995489,502794,9412473,8127402,1285071,67493,11300927,1310221,721194,2031415,...,194987,...,-,-,-,-,-,-,41428876,...
"2013.03",37850561,355050,135886,219165,18467341,750976,16673645,918080,124640,6855930,6095046,760885,-,64745,29974,12077521,5463163,230195,185531,44664,-,3130477,2743334,387143,2102490,43313724,585245,310218,219165,55862,18467341,750976,16673645,918080,124640,9986408,8838380,1148028,64745,12077521,1394261,738203,2132464,...,152860,...,-,-,-,-,-,-,43466585,...
"2013.04",34893339,452020,129349,322671,16845723,626140,14548501,1370917,300165,6688779,6005569,683211,-,67153,29546,10810117,5749621,236608,189265,47343,-,3644938,3247971,396967,1868076,40642961,688628,305944,322671,60013,16845723,626140,14548501,1370917,300165,10333717,9253539,1080178,67153,10810117,1100720,796902,1897622,...,125795,...,-,-,-,-,-,-,40768756,...
"2013.05",34931321,471168,153289,317879,17142489,535882,15372239,988547,245821,6696386,6202656,493730,-,70890,22781,10527606,5340481,254113,202160,51953,-,3561536,3235283,326253,1524833,40271802,725281,344102,317879,63300,17142489,535882,15372239,988547,245821,10257922,9437939,819983,70890,10527606,754323,793291,1547614,...,99010,...,-,-,-,-,-,-,40370812,...
"2013.06",35632777,539133,146544,392589,18508549,711349,16202877,1258495,335828,6718891,6207727,511164,-,49362,19269,9797574,5070986,245361,199528,45833,-,3119558,2814580,304978,1706067,40703763,784494,335622,392589,56283,18508549,711349,16202877,1258495,335828,9838449,9022306,816142,49362,9797574,1003139,722197,1725336,...,101851,...,-,-,-,-,-,-,40805614,...
"2013.07",39286027,639701,252891,386809,19956489,749827,17405860,1465737,335066,7299756,6709289,590467,-,61948,41335,11286799,5284233,415105,368119,46986,-,3004669,2689866,314803,1864458,44570260,1054806,606734,386809,61262,19956489,749827,17405860,1465737,335066,10304425,9399156,905270,61948,11286799,1072589,833204,1905793,...,82652,...,-,-,-,-,-,-,44652912,...
"2013.08",39958193,724038,269298,454740,19776610,766828,17199301,1482190,328292,7140297,6517799,622497,-,73225,34927,12209095,5442789,279143,232043,47100,-,3304233,3008617,295616,1859412,45400982,1003182,486587,454740,61854,19776610,766828,17199301,1482190,328292,10444530,9526417,918113,73225,12209095,1137064,757276,1894339,...,77032,...,-,-,-,-,-,-,45478014,...
"2013.09",34516802,488812,112827,375985,16957400,644422,15581638,668826,62514,5284712,4889943,394769,-,52400,32166,11701313,4454613,175298,136807,38491,-,2621076,2451469,169607,1658240,38971416,664110,233037,375985,55088,16957400,644422,15581638,668826,62514,7905788,7341412,564376,52400,11701313,853737,836669,1690406,...,69316,...,-,-,-,-,-,-,39040732,...
"2013.10",35367378,482756,81576,401180,16555084,561899,14547274,1254564,191347,6482454,5743430,739025,-,51843,42380,11752860,6033860,167618,131782,35837,-,3678311,3259760,418551,2187931,41401238,650375,199029,401180,50165,16555084,561899,14547274,1254564,191347,10160766,9003190,1157576,51843,11752860,1229800,1000512,2230311,...,60032,...,-,-,-,-,-,-,41461270,...
"2013.11",36849298,414122,56542,357580,16912636,580141,14812505,1230725,289265,7710979,7090757,620221,-,35759,49015,11726787,6194659,139218,111074,28144,-,3517882,3029974,487908,2537559,43043957,553340,154614,357580,41145,16912636,580141,14812505,1230725,289265,11228861,10120732,1108129,35759,11726787,1471757,1114817,2586575,...,145644,...,-,-,-,-,-,-,43189601,...
"2013.12",40691043,391414,54270,337145,19500698,672515,17474982,1105260,247940,8754518,7896599,857919,-,64299,56363,11923751,6663642,133961,107690,26271,-,3932380,3454928,477452,2597301,47354685,525375,148556,337145,39675,19500698,672515,17474982,1105260,247940,12686898,11351527,1335371,64299,11923751,1596257,1057408,2653664,...,305501,...,-,-,-,-,-,-,47660187,...
"2014.01",40881659,413733,54875,358858,19024712,766776,17291402,788975,177558,7498293,6580763,917531,275251,69020,50116,13550534,6450055,119980,91985,27995,-,3563548,3134643,428906,2766527,47331714,533713,136562,358858,38293,19024712,766776,17291402,788975,177558,11061842,9715406,1346436,69020,13550534,-,-,3091894,...,98415,...,-,-,-,-,-,-,47430129,...
"2014.02",36304532,430986,79823,351163,16817973,708267,15177246,817646,114814,6610825,5917207,693617,322567,62155,39763,12020264,5846774,118012,92685,25327,-,3343169,2949469,393700,2385593,42151305,548998,163624,351163,34211,16817973,708267,15177246,817646,114814,9953994,8866676,1087317,62155,12020264,-,-,2747922,...,86537,...,-,-,-,-,-,-,42237842,...
"2014.03",38197357,505153,89077,416076,17732592,709491,15889167,1028655,105279,6834108,6290312,543796,300983,64857,52770,12706893,6600647,139522,103190,36331,-,3776574,3427073,349501,2684552,44798004,644674,182658,416076,45940,17732592,709491,15889167,1028655,105279,10610682,9717385,893297,64857,12706893,-,-,3038305,...,68295,...,-,-,-,-,-,-,44866299,...
"2014.04",35107634,412812,74270,338542,15297074,672355,14076349,548371,0,5619617,5314045,305573,292885,64124,42306,13378814,5748144,156725,115467,41258,-,2987823,2703785,284038,2603596,40855778,569537,181054,338542,49940,15297074,672355,14076349,548371,0,8607441,8017830,589611,64124,13378814,-,-,2938788,...,36873,...,-,-,-,-,-,-,40892651,...
"2014.05",35482611,485820,93109,392711,16249437,631859,15038815,567521,11241,4817731,4421474,396257,184629,61237,48019,13635737,5628129,169119,120469,48651,-,3025871,2833988,191883,2433139,41110740,654939,205036,392711,57192,16249437,631859,15038815,567521,11241,7843602,7255462,588140,61237,13635737,-,-,2665787,...,29640,...,-,-,-,-,-,-,41140380,...
"2014.06",35544495,489606,87417,402189,17676267,749453,16327505,593529,5781,4543012,4187099,355913,141938,39346,38496,12615829,5643035,174887,130656,44230,-,3210789,3059191,151598,2257359,41187530,664492,209997,402189,52306,17676267,749453,16327505,593529,5781,7753801,7246290,507511,39346,12615829,-,-,2437793,...,22061,...,-,-,-,-,-,-,41209591,...
"2014.07",39351190,572800,78567,494234,19870813,769813,18163341,875509,62150,5264888,5012187,252701,148973,50722,42543,13400450,6363496,149090,113290,35800,-,3787858,3608406,179452,2426548,45714686,721890,182875,494234,44781,19870813,769813,18163341,875509,62150,9052746,8620593,432153,50722,13400450,-,-,2618065,...,17074,...,-,-,-,-,-,-,45731759,...
"2014.08",37719216,660348,104875,555473,19126390,760461,18116361,249569,0,3707255,3687329,19926,140796,39509,41060,14003858,5739373,170324,124067,46257,-,3567595,3472405,95190,2001454,43458589,830672,216937,555473,58262,19126390,760461,18116361,249569,0,7274850,7159734,115116,39509,14003858,-,-,2183310,...,15314,...,-,-,-,-,-,-,43473903,...
"2014.09",34309730,628959,94595,534364,16152217,617652,15140281,394284,0,4833392,4778790,54602,249896,47067,45761,12352438,6276418,168954,119785,49168,-,3918979,3871922,47057,2188485,40586148,797912,200869,534364,62680,16152217,617652,15140281,394284,0,8752371,8650713,101659,47067,12352438,-,-,2484142,...,18013,...,-,-,-,-,-,-,40604161,...
"2014.10",35075130,529015,58136,470880,16440325,582605,15658190,199530,0,4800810,4701630,99180,182623,49746,56847,13015765,7009744,161353,116081,45272,-,4309252,4195838,113414,2539140,42084875,690368,160441,470880,59047,16440325,582605,15658190,199530,0,9110062,8897468,212594,49746,13015765,-,-,2778609,...,30457,...,-,-,-,-,-,-,42115332,...
"2014.11",34741696,418644,46707,371937,17254163,767371,16214027,267114,5650,4718772,4407043,311729,204862,51595,52126,12041536,7754293,155327,110208,45119,-,4840421,4675718,164703,2758545,42495989,573970,144122,371937,57912,17254163,767371,16214027,267114,5650,9559193,9082761,476432,51595,12041536,-,-,3015533,...,51554,...,-,-,-,-,-,-,42547544,...
"2014.12",40199209,427752,46049,381704,19530009,769956,18166648,507755,85650,6142331,5381603,760728,297807,56432,60487,13684392,9434523,160629,116757,43873,-,5988551,5689571,298980,3285343,49633732,588381,151506,381704,55172,19530009,769956,18166648,507755,85650,12130881,11071174,1059708,56432,13684392,-,-,3643637,...,87580,...,-,-,-,-,-,-,49721312,...
